name,state,pop,area
Autauga,Alabama,55869,604.49
Baldwin,Alabama,223234,2027.08
Barbour,Alabama,24686,904.59
Bibb,Alabama,22394,625.5
Blount,Alabama,57826,650.65
Bullock,Alabama,10101,626.11
Butler,Alabama,19448,777.99
Calhoun,Alabama,113605,612.35
Chambers,Alabama,33254,603.15
Cherokee,Alabama,26196,600
Chilton,Alabama,44428,700.8
Choctaw,Alabama,12589,920.91
Clarke,Alabama,23622,1252.6
Clay,Alabama,13235,606.05
Cleburne,Alabama,14910,561.06
Coffee,Alabama,52342,680.52
Colbert,Alabama,55241,623.66
Conecuh,Alabama,12067,852.58
Coosa,Alabama,10663,666.41
Covington,Alabama,37049,1043.95
Crenshaw,Alabama,13772,610.91
Cullman,Alabama,83768,754.86
Dale,Alabama,49172,562.72
Dallas,Alabama,37196,993.46
DeKalb,Alabama,71513,778.71
Elmore,Alabama,81209,657.26
Escambia,Alabama,36633,953.04
Etowah,Alabama,102268,548.81
Fayette,Alabama,16302,629.38
Franklin,Alabama,31362,646.55
Geneva,Alabama,26271,578.96
Greene,Alabama,8111,659.99
Hale,Alabama,14651,656.52
Henry,Alabama,17205,568.38
Houston,Alabama,105882,581.71
Jackson,Alabama,51626,1126.82
Jefferson,Alabama,658573,1123.87
Lamar,Alabama,13805,605.51
Lauderdale,Alabama,92729,718.84
Lawrence,Alabama,32924,718.13
Lee,Alabama,164542,615.61
Limestone,Alabama,98915,607.12
Lowndes,Alabama,9726,725.09
Macon,Alabama,18068,613.29
Madison,Alabama,372909,812.89
Marengo,Alabama,18863,982.92
Marion,Alabama,29709,743.62
Marshall,Alabama,96774,623.21
Mobile,Alabama,413210,1644.14
Monroe,Alabama,20733,1034.62
Montgomery,Alabama,226486,799.81
Morgan,Alabama,119679,599.09
Perry,Alabama,8923,724.13
Pickens,Alabama,19930,890.1
Pike,Alabama,33114,672.15
Randolph,Alabama,22722,584.15
Russell,Alabama,57961,647.44
St. Clair,Alabama,89512,653.66
Shelby,Alabama,217702,809.6
Sumter,Alabama,12427,913.35
Talladega,Alabama,79978,760.32
Tallapoosa,Alabama,40367,766.3
Tuscaloosa,Alabama,209355,1352.03
Walker,Alabama,63521,805.36
Washington,Alabama,16326,1088.62
Wilcox,Alabama,10373,907.54
Winston,Alabama,23629,631.9
Aleutians East Borough[d],Alaska,3337,15011.77
Aleutians West Census Area[e],Alaska,5634,14114.7
Anchorage Municipality of[d][f],Alaska,288000,1961.51
Bethel Census Area[e],Alaska,18386,45954.59
Bristol Bay Borough[d],Alaska,836,917.61
Denali Borough[d],Alaska,2097,0
Dillingham Census Area[e],Alaska,4916,20613.12
Fairbanks North Star Borough[d],Alaska,96849,7443.68
Haines Borough[d],Alaska,2530,2754.1
Hoonah–Angoon Census Area[e],Alaska,2148,17500.23
Juneau City and Borough of[d][g],Alaska,31974,3081.12
Kenai Peninsula Borough[d],Alaska,58708,21664.33
Ketchikan Gateway Borough[d],Alaska,13901,1743.55
Kodiak Island Borough[d],Alaska,12998,11845.9
Lake and Peninsula Borough[d],Alaska,1592,29008.24
Matanuska-Susitna Borough[d],Alaska,108317,25232.41
Nome Census Area[e],Alaska,10004,28276.17
North Slope Borough[d],Alaska,9832,93823.1
Northwest Arctic Borough[d],Alaska,7621,40660.96
Petersburg Borough[d][h],Alaska,3266,8973.77
Prince of Wales – Hyder Census Area[e],Alaska,6203,12566.41
Sitka City and Borough of[d][i],Alaska,8493,4849.75
Skagway Municipality of[d],Alaska,1183,0
Southeast Fairbanks Census Area[e],Alaska,6893,26235.44
Wrangell City and Borough of[d],Alaska,5230,0
Yakutat City and Borough of[d][j],Alaska,71887,0
Yukon–Koyukuk Census Area[e],Alaska,125922,158995.95
Apache,Arizona,143476,11219.17
Cochise,Arizona,54018,6219.32
Coconino,Arizona,38837,18662.57
Gila,Arizona,9498,4796.14
Graham,Arizona,21108,4641.47
Greenlee,Arizona,4485414,1848.55
La Paz,Arizona,212181,4513.66
Maricopa,Arizona,110924,9224.86
Mohave,Arizona,1047279,13470.5
Navajo,Arizona,462789,9960.22
Pima,Arizona,46498,9189.44
Pinal,Arizona,235099,5374.49
Santa Cruz,Arizona,213787,1238.22
Yavapai,Arizona,17486,8128.33
Yuma,Arizona,19657,5519.32
Arkansas,Arkansas,41932,1033.85
Ashley,Arkansas,279141,939.16
Baxter,Arkansas,37432,586.78
Benton,Arkansas,10763,876.82
Boone,Arkansas,5189,601.86
Bradley,Arkansas,28380,654.43
Calhoun,Arkansas,10118,632.59
Carroll,Arkansas,22320,642.33
Chicot,Arkansas,14551,690.93
Clark,Arkansas,24919,882.68
Clay,Arkansas,7956,641.47
Cleburne,Arkansas,23457,591.95
Cleveland,Arkansas,20846,598.84
Columbia,Arkansas,110332,766.94
Conway,Arkansas,63257,566.71
Craighead,Arkansas,47955,713.03
Crawford,Arkansas,16419,604.24
Crittenden,Arkansas,7009,636.73
Cross,Arkansas,11361,622.38
Dallas,Arkansas,18219,668.21
Desha,Arkansas,126007,819.57
Drew,Arkansas,17715,835.71
Faulkner,Arkansas,12477,664.05
Franklin,Arkansas,99386,619.72
Fulton,Arkansas,18265,620.36
Garland,Arkansas,45325,734.61
Grant,Arkansas,21532,633.06
Greene,Arkansas,33771,579.69
Hempstead,Arkansas,13202,741.42
Hot Spring,Arkansas,37825,622.2
Howard,Arkansas,13629,595.24
Independence,Arkansas,16719,771.64
Izard,Arkansas,66824,584.07
Jackson,Arkansas,26578,641.5
Jefferson,Arkansas,6624,913.75
Johnson,Arkansas,16406,682.78
Lafayette,Arkansas,8857,545.11
Lawrence,Arkansas,13024,592.39
Lee,Arkansas,12259,619.5
Lincoln,Arkansas,21466,572.21
Little River,Arkansas,73309,564.9
Logan,Arkansas,16576,731.55
Lonoke,Arkansas,16694,802.48
Madison,Arkansas,43257,837.13
Marion,Arkansas,40651,640.38
Miller,Arkansas,6701,637.53
Mississippi,Arkansas,8986,919.8
Monroe,Arkansas,8252,621.46
Montgomery,Arkansas,7753,800.34
Nevada,Arkansas,23382,620.83
Newton,Arkansas,10455,823.24
Ouachita,Arkansas,17782,739.7
Perry,Arkansas,10718,560.51
Phillips,Arkansas,23528,727.34
Pike,Arkansas,19964,613.93
Poinsett,Arkansas,64072,763.44
Polk,Arkansas,8062,862.47
Pope,Arkansas,391911,830.84
Prairie,Arkansas,17958,675.81
Pulaski,Arkansas,24994,807.91
Randolph,Arkansas,122437,656.08
St. Francis,Arkansas,10281,642.44
Saline,Arkansas,7881,730.5
Scott,Arkansas,127827,898.15
Searcy,Arkansas,17007,668.56
Sebastian,Arkansas,17442,546.07
Sevier,Arkansas,12506,581.38
Sharp,Arkansas,38682,606.39
Stone,Arkansas,16545,609.47
Union,Arkansas,239187,1055.36
Van Buren,Arkansas,78753,724.36
Washington,Arkansas,6320,956.07
White,Arkansas,21341,1042.43
Woodruff,Arkansas,1671329,594.09
Yell,Arkansas,1129,948.89
Alameda,California,39752,821.26
Alpine,California,219186,743.23
Amador,California,45905,604.26
Butte,California,21547,1677.22
Calaveras,California,1153526,1036.92
Colusa,California,27812,1156.32
Contra Costa,California,192843,802.18
Del Norte,California,999101,1229.84
El Dorado,California,28393,1791.29
Fresno,California,135558,6017.89
Glenn,California,181215,1327.25
Humboldt,California,18039,4052.52
Imperial,California,900202,4482.08
Inyo,California,152940,10227.75
Kern,California,64386,8162.03
Kings,California,30573,1391.58
Lake,California,10039107,1329.59
Lassen,California,157327,4720.61
Los Angeles,California,258826,4752.32
Madera,California,17203,2153.39
Marin,California,86749,828.22
Mariposa,California,277680,1462.89
Mendocino,California,8841,3878.5
Merced,California,14444,1972.02
Modoc,California,434061,4203.62
Mono,California,137744,3131.89
Monterey,California,99755,3771.11
Napa,California,3175692,788.34
Nevada,California,398329,974.54
Orange,California,18807,947.91
Placer,California,2470546,1500.24
Plumas,California,1552058,2613.75
Riverside,California,62808,7303.81
Sacramento,California,2180085,995.65
San Benito,California,3338330,1390.81
San Bernardino,California,881549,20106.39
San Diego,California,762148,4525.92
San Francisco City and County of[k],California,283111,231.89
San Joaquin,California,766573,1426.37
San Luis Obispo,California,446499,3615.73
San Mateo,California,1927852,741.07
Santa Barbara,California,273213,3789.56
Santa Clara,California,180080,1304.53
Santa Cruz,California,3005,607.72
Shasta,California,43539,3847.61
Sierra,California,447643,962.03
Siskiyou,California,494336,6347.81
Solano,California,550660,906.85
Sonoma,California,96971,1768.35
Stanislaus,California,65084,1514.8
Sutter,California,12285,608.86
Tehama,California,466195,2962.3
Trinity,California,54478,3207.79
Tulare,California,846006,4839.41
Tuolumne,California,220500,2274.52
Ventura,California,78668,2208.36
Yolo,California,517421,1022.87
Yuba,California,16233,643.55
Adams,Colorado,656590,1197.83
Alamosa,Colorado,14029,723.59
Arapahoe,Colorado,3581,805.47
Archuleta,Colorado,5577,1354.65
Baca,Colorado,326196,2557.24
Bent,Colorado,70465,1541.25
Boulder,Colorado,20356,751.4
Broomfield City and County of[l],Colorado,1831,0
Chaffee,Colorado,9700,1015.07
Cheyenne,Colorado,8205,1781.5
Clear Creek,Colorado,3887,396.47
Conejos,Colorado,6061,1290.99
Costilla,Colorado,5068,1230.55
Crowley,Colorado,31162,800.38
Custer,Colorado,727211,739.95
Delta,Colorado,2055,1148.61
Denver City and County of[m],Colorado,351154,154.88
Dolores,Colorado,55127,1068.14
Douglas,Colorado,26729,842.81
Eagle,Colorado,720403,1691.89
Elbert,Colorado,47839,1851.01
El Paso,Colorado,60061,2129.71
Fremont,Colorado,6243,1534.06
Garfield,Colorado,15734,2956.08
Gilpin,Colorado,17462,150.26
Grand,Colorado,820,1869.7
Gunnison,Colorado,6897,3259.94
Hinsdale,Colorado,1392,1123.22
Huerfano,Colorado,582881,1593.36
Jackson,Colorado,1406,1621.05
Jefferson,Colorado,7097,778.2
Kiowa,Colorado,8127,1785.87
Kit Carson,Colorado,56221,2161.71
Lake,Colorado,356899,383.93
La Plata,Colorado,14506,1700.03
Larimer,Colorado,5701,2634
Las Animas,Colorado,22409,4775.74
Lincoln,Colorado,154210,2586.56
Logan,Colorado,769,1844.96
Mesa,Colorado,13283,3341.28
Mineral,Colorado,26183,877.82
Moffat,Colorado,42758,4751.21
Montezuma,Colorado,29068,2040.08
Montrose,Colorado,18278,2242.71
Morgan,Colorado,4952,1293.97
Otero,Colorado,18845,1269.81
Ouray,Colorado,4265,542.26
Park,Colorado,17767,2210.82
Phillips,Colorado,12172,687.78
Pitkin,Colorado,168424,973.28
Prowers,Colorado,6324,1644.46
Pueblo,Colorado,11267,2397.86
Rio Blanco,Colorado,25638,3223.1
Rio Grande,Colorado,6824,913.13
Routt,Colorado,728,2368.19
Saguache,Colorado,8179,3170.46
San Juan,Colorado,2248,388.31
San Miguel,Colorado,31011,1288.54
Sedgwick,Colorado,25388,549.64
Summit,Colorado,4908,619.29
Teller,Colorado,324492,558.99
Washington,Colorado,10019,2524.29
Weld,Colorado,943332,4021.76
Yuma,Colorado,891720,2369.22
Fairfield[n],Connecticut,180333,837.01
Hartford[n],Connecticut,162436,750.61
Litchfield[n],Connecticut,854757,944.63
Middlesex[n],Connecticut,265206,439.07
New Haven[n],Connecticut,150721,862.06
New London[n],Connecticut,116782,771.71
Tolland[n],Connecticut,180786,417.03
Windham[n],Connecticut,558753,521.51
Kent,Delaware,234225,800.14
New Castle,Delaware,705749,493.53
Sussex,Delaware,269043,1195.7
District of Columbia[o],District of Columbia,29210,68.36
Alachua,Florida,174705,969.18
Baker,Florida,28201,588.92
Bay,Florida,601942,1033.35
Bradford,Florida,1952778,300.06
Brevard,Florida,14105,1557.25
Broward,Florida,188910,1319.74
Calhoun,Florida,149657,574.38
Charlotte,Florida,219252,859.28
Citrus,Florida,384902,773.24
Clay,Florida,71686,643.73
Collier,Florida,38001,2305.09
Columbia,Florida,16826,801.12
DeSoto,Florida,957755,639.55
Dixie,Florida,318316,863.71
Duval,Florida,115081,918.28
Escambia,Florida,12125,893.94
Flagler,Florida,45660,570.79
Franklin,Florida,18582,1026.45
Gadsden,Florida,13811,528.51
Gilchrist,Florida,13639,355.49
Glades,Florida,14428,986.19
Gulf,Florida,26937,755.78
Hamilton,Florida,42022,519.35
Hardee,Florida,193920,638.38
Hendry,Florida,106221,1189.89
Hernando,Florida,1471968,589.12
Highlands,Florida,19617,1106.36
Hillsborough,Florida,159923,1266.36
Holmes,Florida,46414,488.75
Indian River,Florida,14246,616.97
Jackson,Florida,8422,954.67
Jefferson,Florida,367118,636.68
Lafayette,Florida,770577,547.96
Lake,Florida,293582,1156.51
Lee,Florida,41503,1212
Leon,Florida,8354,701.83
Levy,Florida,18493,1412.41
Liberty,Florida,403253,843.22
Madison,Florida,365579,715.89
Manatee,Florida,161000,892.84
Marion,Florida,2716940,1663.1
Martin,Florida,74228,752.86
Miami-Dade,Florida,88625,2429.59
Monroe,Florida,210738,3737.42
Nassau,Florida,42168,725.9
Okaloosa,Florida,1393452,1082.09
Okeechobee,Florida,375751,891.98
Orange,Florida,1496770,1004.31
Osceola,Florida,553947,1506.49
Palm Beach,Florida,974996,2386.53
Pasco,Florida,724777,868.02
Pinellas,Florida,74521,607.75
Polk,Florida,264672,2010.19
Putnam,Florida,328297,827.22
St. Johns,Florida,184313,821.47
St. Lucie,Florida,433742,688.13
Santa Rosa,Florida,471826,1155.31
Sarasota,Florida,132420,725.27
Seminole,Florida,44417,344.9
Sumter,Florida,21569,580.35
Suwannee,Florida,15237,691.94
Taylor,Florida,553284,1232.05
Union,Florida,33739,249.72
Volusia,Florida,74071,1432.51
Wakulla,Florida,25473,735.78
Walton,Florida,18386,1238.13
Washington,Florida,8165,615.84
Appling,Georgia,11164,512.15
Atkinson,Georgia,3038,344.12
Bacon,Georgia,44890,285.94
Baker,Georgia,19234,349.19
Baldwin,Georgia,83240,267.52
Banks,Georgia,107738,233.88
Barrow,Georgia,16700,162.85
Bartow,Georgia,19397,470.56
Ben Hill,Georgia,153159,254.04
Berrien,Georgia,12873,457.81
Bibb,Georgia,19109,255.17
Bleckley,Georgia,15457,219.14
Brantley,Georgia,39627,447.44
Brooks,Georgia,79608,497.81
Bryan,Georgia,22383,454.54
Bulloch,Georgia,24936,688.92
Burke,Georgia,6189,835.06
Butts,Georgia,54666,190.02
Calhoun,Georgia,10803,283.59
Camden,Georgia,119992,782.52
Candler,Georgia,67580,248.85
Carroll,Georgia,13392,503.86
Catoosa,Georgia,289430,162.67
Charlton,Georgia,10907,783.01
Chatham,Georgia,24789,646.32
Chattahoochee,Georgia,258773,251.19
Chattooga,Georgia,128331,313.97
Cherokee,Georgia,3045,434.03
Clarke,Georgia,292256,121.29
Clay,Georgia,6618,217.01
Clayton,Georgia,760141,144.29
Clinch,Georgia,43273,824.24
Cobb,Georgia,45600,344.54
Coffee,Georgia,156714,602.67
Colquitt,Georgia,17270,556.59
Columbia,Georgia,148509,307.8
Cook,Georgia,12404,233.24
Coweta,Georgia,22372,446.01
Crawford,Georgia,16116,326.48
Crisp,Georgia,26108,281.21
Dade,Georgia,26404,174.1
Dawson,Georgia,759297,213.95
Decatur,Georgia,20605,623.2
DeKalb,Georgia,13390,270.94
Dodge,Georgia,87956,503.2
Dooly,Georgia,146343,397.15
Dougherty,Georgia,10190,334.67
Douglas,Georgia,4006,200.27
Early,Georgia,64296,516.31
Echols,Georgia,19194,420.83
Effingham,Georgia,22646,482.89
Elbert,Georgia,10654,374.57
Emanuel,Georgia,26188,690.4
Evans,Georgia,114421,186.9
Fannin,Georgia,98498,391.46
Fayette,Georgia,244252,199.27
Floyd,Georgia,23349,518.5
Forsyth,Georgia,1063937,247.38
Franklin,Georgia,31369,266.38
Fulton,Georgia,2971,534.59
Gilmer,Georgia,85292,431.85
Glascock,Georgia,57963,144.46
Glynn,Georgia,24633,583.07
Gordon,Georgia,18324,357.63
Grady,Georgia,936250,460.37
Greene,Georgia,45328,406.28
Gwinnett,Georgia,204441,436.74
Habersham,Georgia,8457,279.21
Hall,Georgia,29792,429.21
Hancock,Georgia,35236,478.8
Haralson,Georgia,26205,283.19
Harris,Georgia,11923,472.97
Hart,Georgia,234561,256.43
Heard,Georgia,157863,301.11
Henry,Georgia,9416,324.49
Houston,Georgia,72977,379.87
Irwin,Georgia,14219,362.75
Jackson,Georgia,15115,343.02
Jasper,Georgia,15362,373.6
Jeff Davis,Georgia,8676,335.46
Jefferson,Georgia,9643,529.6
Jenkins,Georgia,28735,352.48
Johnson,Georgia,19077,306.54
Jones,Georgia,10423,395.41
Lamar,Georgia,47546,185.81
Lanier,Georgia,29992,199.84
Laurens,Georgia,61435,818.56
Lee,Georgia,7921,362.03
Liberty,Georgia,19559,602.58
Lincoln,Georgia,117406,257.31
Long,Georgia,33610,403.53
Lowndes,Georgia,21312,510.66
Lumpkin,Georgia,14378,284.89
McDuffie,Georgia,12947,266.32
McIntosh,Georgia,29880,574.76
Macon,Georgia,8359,405.99
Madison,Georgia,21167,285.6
Marion,Georgia,5718,367.53
Meriwether,Georgia,21863,505.39
Miller,Georgia,27578,283.74
Mitchell,Georgia,9172,513.84
Monroe,Georgia,19276,397.83
Montgomery,Georgia,40096,247.34
Morgan,Georgia,195769,354.62
Murray,Georgia,111744,346.9
Muscogee,Georgia,40280,221.02
Newton,Georgia,15259,279.21
Oconee,Georgia,168667,186.15
Oglethorpe,Georgia,27546,442.2
Paulding,Georgia,32591,315.09
Peach,Georgia,19465,151.47
Pickens,Georgia,18962,232.8
Pierce,Georgia,42613,343.67
Pike,Georgia,11137,219.45
Polk,Georgia,22119,312.16
Pulaski,Georgia,2299,249.87
Putnam,Georgia,17137,360.66
Quitman,Georgia,6778,160.93
Rabun,Georgia,202518,377.01
Randolph,Georgia,90896,430.92
Richmond,Georgia,5257,328.5
Rockdale,Georgia,13966,132.13
Schley,Georgia,8090,167.83
Screven,Georgia,66703,655.66
Seminole,Georgia,25925,256.58
Spalding,Georgia,6621,199.61
Stephens,Georgia,29524,184.24
Stewart,Georgia,6195,463.26
Sumter,Georgia,1537,492.58
Talbot,Georgia,25286,394.77
Taliaferro,Georgia,8020,195.48
Tattnall,Georgia,15860,488.27
Taylor,Georgia,8531,379.65
Telfair,Georgia,44451,444.12
Terrell,Georgia,40644,337.65
Thomas,Georgia,26830,552.13
Tift,Georgia,12037,268.88
Toombs,Georgia,6901,368.67
Towns,Georgia,69922,171.87
Treutlen,Georgia,7985,202.22
Troup,Georgia,8120,445.99
Turner,Georgia,24511,289.87
Twiggs,Georgia,26320,362.92
Union,Georgia,69761,329.19
Upson,Georgia,94593,327.67
Walker,Georgia,35734,446.74
Walton,Georgia,5254,330.07
Ware,Georgia,20374,906.62
Warren,Georgia,29927,286.76
Washington,Georgia,2607,684.43
Wayne,Georgia,7855,648.85
Webster,Georgia,30798,210.27
Wheeler,Georgia,104628,300.16
White,Georgia,8635,242.18
Whitfield,Georgia,9777,290.68
Wilcox,Georgia,8954,383.32
Wilkes,Georgia,20247,474.03
Wilkinson,Georgia,162742,452.03
Worth,Georgia,201513,574.61
Hawaii,Hawaiʻi,974563,5086.97
Honolulu City and County of[p],Hawaiʻi,86,2126.98
Kalawao,Hawaiʻi,72293,52.33
Kauai,Hawaiʻi,167417,1266.45
Maui,Hawaiʻi,481587,2398.87
Ada,Idaho,4294,1060.38
Adams,Idaho,87808,1370.11
Bannock,Idaho,6125,1147.5
Bear Lake,Idaho,9298,1049.49
Benewah,Idaho,46811,784.01
Bingham,Idaho,23021,2120.34
Blaine,Idaho,7831,2661.14
Boise,Idaho,45739,1906.81
Bonner,Idaho,119062,1919.62
Bonneville,Idaho,12245,1900.74
Boundary,Idaho,2597,1278.2
Butte,Idaho,1106,2233.66
Camas,Idaho,229849,1079.06
Canyon,Idaho,7155,603.52
Caribou,Idaho,24030,1798.73
Cassia,Idaho,845,2580.45
Clark,Idaho,8756,1765.28
Clearwater,Idaho,4315,2488.26
Custer,Idaho,27511,4936.92
Elmore,Idaho,13876,3100.69
Franklin,Idaho,13099,668.4
Fremont,Idaho,18112,1895.67
Gem,Idaho,15179,565.77
Gooding,Idaho,16667,733.89
Idaho,Idaho,29871,8502.78
Jefferson,Idaho,24412,1105.62
Jerome,Idaho,165697,601.91
Kootenai,Idaho,40108,1315.77
Latah,Idaho,8027,1076.94
Lemhi,Idaho,3838,4569.68
Lewis,Idaho,5366,479.83
Lincoln,Idaho,39907,1205.92
Madison,Idaho,21039,473.39
Minidoka,Idaho,40408,763.03
Nez Perce,Idaho,4531,856.4
Oneida,Idaho,11823,1201.69
Owyhee,Idaho,23951,7697.11
Payette,Idaho,7681,410.19
Power,Idaho,12882,1442.69
Shoshone,Idaho,12142,2635.6
Teton,Idaho,86878,450.6
Twin Falls,Idaho,11392,1928.57
Valley,Idaho,10194,3733.85
Washington,Idaho,65435,1473.6
Adams,Illinois,5761,871.32
Alexander,Illinois,16426,252.55
Bond,Illinois,53544,382.67
Boone,Illinois,6578,281.96
Brown,Illinois,32628,307.26
Bureau,Illinois,4739,873.36
Calhoun,Illinois,14305,283.71
Carroll,Illinois,12147,465.81
Cass,Illinois,209689,383.76
Champaign,Illinois,32304,997.56
Christian,Illinois,15441,715.71
Clark,Illinois,13184,504.91
Clay,Illinois,37562,469.87
Clinton,Illinois,50621,503.5
Coles,Illinois,5150233,510.1
Cook,Illinois,18667,1634.89
Crawford,Illinois,10766,445.77
Cumberland,Illinois,104897,347.02
DeKalb,Illinois,15638,635.02
De Witt,Illinois,19465,405.18
Douglas,Illinois,922921,417.44
DuPage,Illinois,17161,336.87
Edgar,Illinois,6395,624.22
Edwards,Illinois,34008,222.67
Effingham,Illinois,21336,479.93
Fayette,Illinois,12961,725.39
Ford,Illinois,38469,486.44
Franklin,Illinois,34340,431.42
Fulton,Illinois,4828,882.66
Gallatin,Illinois,12969,328.42
Greene,Illinois,51054,546.37
Grundy,Illinois,8116,430.44
Hamilton,Illinois,17708,435.86
Hancock,Illinois,3821,814.58
Hardin,Illinois,6646,181.54
Henderson,Illinois,48913,395.15
Henry,Illinois,27114,825.64
Iroquois,Illinois,56750,1118.11
Jackson,Illinois,9610,602.54
Jasper,Illinois,37684,498.06
Jefferson,Illinois,21773,583.74
Jersey,Illinois,21235,377.05
Jo Daviess,Illinois,12417,618.79
Johnson,Illinois,532403,348.89
Kane,Illinois,109862,524.12
Kankakee,Illinois,128990,681.49
Kendall,Illinois,49699,322.69
Knox,Illinois,696535,719.74
Lake,Illinois,108669,1368.05
LaSalle,Illinois,15678,1148.12
Lawrence,Illinois,34096,373.97
Lee,Illinois,35648,729.34
Livingston,Illinois,28618,1045.49
Logan,Illinois,29682,619.04
McDonough,Illinois,307774,590.06
McHenry,Illinois,171517,611.18
McLean,Illinois,104009,1186.33
Macon,Illinois,44926,585.4
Macoupin,Illinois,262966,867.65
Madison,Illinois,37205,740.39
Marion,Illinois,11438,575.73
Marshall,Illinois,13359,398.53
Mason,Illinois,13772,563.41
Massac,Illinois,12196,242.13
Menard,Illinois,15437,315.4
Mercer,Illinois,34637,568.91
Monroe,Illinois,28414,397.73
Montgomery,Illinois,33658,709.79
Morgan,Illinois,14501,572.29
Moultrie,Illinois,50643,344.48
Ogle,Illinois,179179,763.33
Peoria,Illinois,20916,630.91
Perry,Illinois,16344,446.84
Piatt,Illinois,15561,440.35
Pike,Illinois,4177,848.92
Pope,Illinois,5335,374.65
Pulaski,Illinois,5739,203.34
Putnam,Illinois,31782,172.25
Randolph,Illinois,15513,597.29
Richland,Illinois,141879,362.03
Rock Island,Illinois,259686,451.19
St. Clair,Illinois,23491,673.99
Saline,Illinois,194672,386.99
Sangamon,Illinois,6768,877.11
Schuyler,Illinois,4951,441.43
Scott,Illinois,21634,252.79
Shelby,Illinois,5342,768.09
Stark,Illinois,44498,288.23
Stephenson,Illinois,131803,564.78
Tazewell,Illinois,16653,657.94
Union,Illinois,75758,422.15
Vermilion,Illinois,11520,902.18
Wabash,Illinois,16844,227.78
Warren,Illinois,13887,543.21
Washington,Illinois,16215,564.15
Wayne,Illinois,13537,715.6
White,Illinois,55175,501.72
Whiteside,Illinois,690743,697.06
Will,Illinois,66597,849.45
Williamson,Illinois,282572,444.4
Winnebago,Illinois,38459,519.33
Woodford,Illinois,35777,542.78
Adams,Indiana,379299,339.95
Allen,Indiana,83779,660.14
Bartholomew,Indiana,8748,409.38
Benton,Indiana,11758,406.42
Blackford,Indiana,67843,165.42
Boone,Indiana,15092,423.31
Brown,Indiana,20257,316.65
Carroll,Indiana,37689,375.06
Cass,Indiana,118302,414.95
Clark,Indiana,26225,376.23
Clay,Indiana,32399,360.42
Clinton,Indiana,10577,405.3
Crawford,Indiana,33351,308.87
Daviess,Indiana,49458,436.89
Dearborn,Indiana,26559,307.08
Decatur,Indiana,43475,373.44
DeKalb,Indiana,114135,363.87
Delaware,Indiana,42736,395.95
Dubois,Indiana,206341,435.25
Elkhart,Indiana,23102,467.87
Fayette,Indiana,78522,215.14
Floyd,Indiana,16346,148.33
Fountain,Indiana,22758,397.95
Franklin,Indiana,19974,391.36
Fulton,Indiana,33659,371.39
Gibson,Indiana,65769,499.08
Grant,Indiana,31922,414.84
Greene,Indiana,338011,545.95
Hamilton,Indiana,78168,402.75
Hancock,Indiana,40515,306.75
Harrison,Indiana,170311,486.91
Hendricks,Indiana,47972,408.9
Henry,Indiana,82544,394.93
Howard,Indiana,36520,293.94
Huntington,Indiana,44231,387.95
Jackson,Indiana,33562,513.79
Jasper,Indiana,20436,561.26
Jay,Indiana,32308,383.84
Jefferson,Indiana,27735,362.97
Jennings,Indiana,158167,378.38
Johnson,Indiana,36594,321.58
Knox,Indiana,79456,524.08
Kosciusko,Indiana,39614,554.36
LaGrange,Indiana,485493,386.73
Lake,Indiana,109888,626.38
LaPorte,Indiana,45370,613.09
Lawrence,Indiana,129569,452.1
Madison,Indiana,964582,452.94
Marion,Indiana,46258,403.11
Marshall,Indiana,10255,449.95
Martin,Indiana,35516,340.55
Miami,Indiana,148431,377.38
Monroe,Indiana,38338,411.34
Montgomery,Indiana,70489,505.39
Morgan,Indiana,13984,409.41
Newton,Indiana,47744,403.56
Noble,Indiana,5875,417.63
Ohio,Indiana,19646,87.48
Orange,Indiana,20799,408.23
Owen,Indiana,16937,387.85
Parke,Indiana,19169,450.12
Perry,Indiana,12389,386.36
Pike,Indiana,170389,341.1
Porter,Indiana,25427,521.64
Posey,Indiana,12353,419.47
Pulaski,Indiana,37576,434.59
Putnam,Indiana,24665,482.61
Randolph,Indiana,28324,453.27
Ripley,Indiana,16581,447.95
Rush,Indiana,271826,408.65
St. Joseph,Indiana,23873,460.97
Scott,Indiana,44729,192.74
Shelby,Indiana,20277,413.14
Spencer,Indiana,22995,401.26
Starke,Indiana,34594,312.33
Steuben,Indiana,20669,322.5
Sullivan,Indiana,10751,454.08
Switzerland,Indiana,195732,223.54
Tippecanoe,Indiana,15148,503.12
Tipton,Indiana,7054,260.43
Union,Indiana,181451,165.26
Vanderburgh,Indiana,15498,235.76
Vermillion,Indiana,107038,259.95
Vigo,Indiana,30996,410.5
Wabash,Indiana,8265,421.1
Warren,Indiana,62998,366.63
Warrick,Indiana,28036,390.87
Washington,Indiana,65884,516.57
Wayne,Indiana,28296,404.38
Wells,Indiana,24102,370.43
White,Indiana,33964,508.82
Whitley,Indiana,7152,337.91
Adair,Iowa,3602,570.33
Adams,Iowa,13687,425.42
Allamakee,Iowa,12426,658.75
Appanoose,Iowa,5496,516.39
Audubon,Iowa,25645,443.6
Benton,Iowa,131228,718.52
Black Hawk,Iowa,26234,571.96
Boone,Iowa,25062,573.54
Bremer,Iowa,21175,439.64
Buchanan,Iowa,19620,573.38
Buena Vista,Iowa,14439,580.1
Butler,Iowa,9668,581.6
Calhoun,Iowa,20165,572.33
Carroll,Iowa,12836,570.27
Cass,Iowa,18627,565.03
Cedar,Iowa,42450,582.01
Cerro Gordo,Iowa,11235,575.18
Cherokee,Iowa,11933,577.38
Chickasaw,Iowa,9395,505.53
Clarke,Iowa,16016,431.75
Clay,Iowa,17549,572.56
Clayton,Iowa,46429,792.85
Clinton,Iowa,16820,710.26
Crawford,Iowa,93453,715.04
Dallas,Iowa,9000,591.77
Davis,Iowa,7870,504.93
Decatur,Iowa,17011,533.36
Delaware,Iowa,38967,579.08
Des Moines,Iowa,17258,429.83
Dickinson,Iowa,97311,403.71
Dubuque,Iowa,9208,616.63
Emmet,Iowa,19650,402.4
Fayette,Iowa,15642,731.47
Floyd,Iowa,10070,501.33
Franklin,Iowa,6960,583.06
Fremont,Iowa,8888,516.79
Greene,Iowa,12232,571.16
Grundy,Iowa,10689,502.58
Guthrie,Iowa,14773,593.09
Hamilton,Iowa,10630,577.47
Hancock,Iowa,16846,573.18
Hardin,Iowa,14049,569.99
Harrison,Iowa,19954,700.99
Henry,Iowa,9158,436.71
Howard,Iowa,9558,473.8
Humboldt,Iowa,6860,435.75
Ida,Iowa,16184,432.26
Iowa,Iowa,19439,587.39
Jackson,Iowa,37185,649.81
Jasper,Iowa,18295,732.97
Jefferson,Iowa,151140,436.76
Johnson,Iowa,20681,623.41
Jones,Iowa,10246,576.74
Keokuk,Iowa,14813,579.99
Kossuth,Iowa,33657,974.46
Lee,Iowa,226706,538.8
Linn,Iowa,11035,724.62
Louisa,Iowa,8600,417.67
Lucas,Iowa,11755,434.21
Lyon,Iowa,16338,587.68
Madison,Iowa,22095,562.33
Mahaska,Iowa,33253,573.45
Marion,Iowa,39369,570.58
Marshall,Iowa,15109,573.07
Mills,Iowa,10586,439.7
Mitchell,Iowa,8615,469.42
Monona,Iowa,7707,698.89
Monroe,Iowa,9917,434.14
Montgomery,Iowa,42664,424.84
Muscatine,Iowa,13753,449.09
O'Brien,Iowa,5958,573.3
Osceola,Iowa,15107,399.52
Page,Iowa,8886,535.38
Palo Alto,Iowa,25177,569.45
Plymouth,Iowa,6619,864.02
Pocahontas,Iowa,490161,579.17
Polk,Iowa,93206,591.94
Pottawattamie,Iowa,18504,960.01
Poweshiek,Iowa,4894,586.22
Ringgold,Iowa,9721,538.96
Sac,Iowa,172943,578.42
Scott,Iowa,11454,468.2
Shelby,Iowa,34855,591.4
Sioux,Iowa,97117,768.65
Story,Iowa,16854,573.73
Tama,Iowa,6121,722.42
Taylor,Iowa,12241,534.85
Union,Iowa,7044,425.98
Van Buren,Iowa,34969,490.59
Wapello,Iowa,51466,436.02
Warren,Iowa,21965,573.24
Washington,Iowa,6441,570.81
Wayne,Iowa,35904,527.12
Webster,Iowa,10354,718.1
Winnebago,Iowa,19991,401.59
Winneshiek,Iowa,103107,689.93
Woodbury,Iowa,7381,877.43
Worth,Iowa,12562,401.73
Wright,Iowa,12369,582.58
Allen,Kansas,7858,505.24
Anderson,Kansas,16073,584.35
Atchison,Kansas,4427,435.06
Barber,Kansas,25779,1136.27
Barton,Kansas,14534,900.5
Bourbon,Kansas,9564,638.88
Brown,Kansas,66911,572.23
Butler,Kansas,2648,1446.49
Chase,Kansas,3250,778.06
Chautauqua,Kansas,19939,644.87
Cherokee,Kansas,2657,591.02
Cheyenne,Kansas,1994,1020.89
Clark,Kansas,8002,977.27
Clay,Kansas,8786,655.46
Cloud,Kansas,8179,718.51
Coffey,Kansas,1700,654.63
Comanche,Kansas,34908,789.75
Cowley,Kansas,38818,1132.67
Crawford,Kansas,2827,595.11
Decatur,Kansas,18466,894.23
Dickinson,Kansas,7600,852.66
Doniphan,Kansas,122259,397.1
Douglas,Kansas,2798,474.5
Edwards,Kansas,2530,622.13
Elk,Kansas,28553,650.41
Ellis,Kansas,6102,900.52
Ellsworth,Kansas,36467,723.47
Finney,Kansas,33619,1302.69
Ford,Kansas,25544,1099.35
Franklin,Kansas,31670,576.7
Geary,Kansas,2636,403.95
Gove,Kansas,2482,1071.55
Graham,Kansas,7150,898.72
Grant,Kansas,5988,575.1
Gray,Kansas,1232,869.39
Greeley,Kansas,5982,778.05
Greenwood,Kansas,2539,1152.66
Hamilton,Kansas,5436,997.66
Harper,Kansas,34429,803
Harvey,Kansas,3968,540.54
Haskell,Kansas,1794,577.75
Hodgeman,Kansas,13171,860.29
Jackson,Kansas,19043,657.9
Jefferson,Kansas,2879,556.98
Jewell,Kansas,602401,914.51
Johnson,Kansas,3838,480.18
Kearny,Kansas,7152,871.57
Kingman,Kansas,2475,866.75
Kiowa,Kansas,19618,722.67
Labette,Kansas,1535,653.36
Lane,Kansas,81758,717.48
Leavenworth,Kansas,2962,468.36
Lincoln,Kansas,9703,719.97
Linn,Kansas,2794,606.35
Logan,Kansas,33195,1073.17
Lyon,Kansas,28542,855.21
McPherson,Kansas,11884,901.29
Marion,Kansas,9707,953.59
Marshall,Kansas,4033,904.41
Meade,Kansas,34237,979.72
Miami,Kansas,5979,590.2
Mitchell,Kansas,31829,718.65
Montgomery,Kansas,5620,651.45
Morris,Kansas,2587,702.9
Morton,Kansas,10231,729.99
Nemaha,Kansas,16007,719.43
Neosho,Kansas,2750,578.09
Ness,Kansas,5361,1075.07
Norton,Kansas,15949,881.42
Osage,Kansas,3421,719.29
Osborne,Kansas,5704,894.31
Ottawa,Kansas,6414,721.94
Pawnee,Kansas,5234,754.6
Phillips,Kansas,24383,894.84
Pottawatomie,Kansas,9164,862.12
Pratt,Kansas,2530,735.79
Rawlins,Kansas,61998,1069.79
Reno,Kansas,4636,1271.33
Republic,Kansas,9537,720.36
Rice,Kansas,74232,728.33
Riley,Kansas,4920,622.15
Rooks,Kansas,3036,895.4
Rush,Kansas,6856,718.45
Russell,Kansas,54224,899.03
Saline,Kansas,4823,721.32
Scott,Kansas,516042,717.7
Sedgwick,Kansas,21428,1009.48
Seward,Kansas,176875,640.55
Shawnee,Kansas,2521,556.35
Sheridan,Kansas,5917,896.66
Sherman,Kansas,3583,1056.08
Smith,Kansas,4156,896.56
Stafford,Kansas,2006,794.77
Stanton,Kansas,5485,680.12
Stevens,Kansas,22836,727.78
Sumner,Kansas,7777,1184.86
Thomas,Kansas,2803,1074.97
Trego,Kansas,6931,899.09
Wabaunsee,Kansas,1518,799.86
Wallace,Kansas,5406,914.12
Washington,Kansas,2119,898.88
Wichita,Kansas,8525,718.59
Wilson,Kansas,3138,575.04
Woodson,Kansas,165429,505.5
Wyandotte,Kansas,19202,155.7
Adair,Kentucky,21315,412.25
Allen,Kentucky,22747,352.06
Anderson,Kentucky,7888,204.3
Ballard,Kentucky,44249,273.62
Barren,Kentucky,12500,499.95
Bath,Kentucky,26032,283.96
Bell,Kentucky,133581,361.36
Boone,Kentucky,19788,256.98
Bourbon,Kentucky,46718,291.68
Boyd,Kentucky,30060,161.83
Boyle,Kentucky,8303,182.71
Bracken,Kentucky,12630,208.91
Breathitt,Kentucky,20477,495.32
Breckinridge,Kentucky,81676,585.55
Bullitt,Kentucky,12879,300.21
Butler,Kentucky,12747,431.54
Caldwell,Kentucky,39001,348.2
Calloway,Kentucky,93584,410.81
Campbell,Kentucky,4760,159.44
Carlisle,Kentucky,10631,199.03
Carroll,Kentucky,26797,137.28
Carter,Kentucky,16159,412.17
Casey,Kentucky,70461,445.75
Christian,Kentucky,36263,724.05
Clark,Kentucky,19901,255.18
Clay,Kentucky,10218,471.09
Clinton,Kentucky,8806,205.55
Crittenden,Kentucky,6614,370.97
Cumberland,Kentucky,101511,310.87
Daviess,Kentucky,12150,476.3
Edmonson,Kentucky,7517,308.03
Elliott,Kentucky,14106,235.22
Estill,Kentucky,323152,255.72
Fayette,Kentucky,14581,285.53
Fleming,Kentucky,35589,351.49
Floyd,Kentucky,50991,395.49
Franklin,Kentucky,5969,212.13
Fulton,Kentucky,8869,230.56
Gallatin,Kentucky,17666,104.68
Garrard,Kentucky,25069,233.89
Grant,Kentucky,37266,260.75
Graves,Kentucky,26427,556.5
Grayson,Kentucky,10941,510.86
Green,Kentucky,35098,288.8
Greenup,Kentucky,8722,354.53
Hancock,Kentucky,110958,198.93
Hardin,Kentucky,26010,629.89
Harlan,Kentucky,18886,467.98
Harrison,Kentucky,19035,309.89
Hart,Kentucky,45210,417.93
Henderson,Kentucky,16126,467.26
Henry,Kentucky,4380,291.13
Hickman,Kentucky,44686,252.95
Hopkins,Kentucky,13329,554.25
Jackson,Kentucky,766757,346.59
Jefferson,Kentucky,54115,398.6
Jessamine,Kentucky,22188,174.47
Johnson,Kentucky,166998,263.96
Kenton,Kentucky,14806,164.97
Knott,Kentucky,31145,353.03
Knox,Kentucky,14398,387.72
LaRue,Kentucky,60813,263.74
Laurel,Kentucky,15317,443.77
Lawrence,Kentucky,7403,420.16
Lee,Kentucky,9877,211.23
Leslie,Kentucky,21553,404.37
Letcher,Kentucky,13275,339.13
Lewis,Kentucky,24549,495.73
Lincoln,Kentucky,9194,336.77
Livingston,Kentucky,27102,342.22
Logan,Kentucky,8210,557.13
Lyon,Kentucky,65418,256.47
McCracken,Kentucky,17231,268.1
McCreary,Kentucky,9207,430.67
McLean,Kentucky,92987,256.19
Madison,Kentucky,12161,443.14
Magoffin,Kentucky,19273,309.46
Marion,Kentucky,31100,346.89
Marshall,Kentucky,11195,340.33
Martin,Kentucky,17070,230.83
Mason,Kentucky,28572,246.62
Meade,Kentucky,6489,324.24
Menifee,Kentucky,21933,206.04
Mercer,Kentucky,10071,253.13
Metcalfe,Kentucky,10650,290.98
Monroe,Kentucky,28157,332.13
Montgomery,Kentucky,13309,198.82
Morgan,Kentucky,30622,383.76
Muhlenberg,Kentucky,46233,479.47
Nelson,Kentucky,7269,424.1
Nicholas,Kentucky,23994,196.86
Ohio,Kentucky,66799,596.75
Oldham,Kentucky,10901,196.56
Owen,Kentucky,4415,354.18
Owsley,Kentucky,14590,198.1
Pendleton,Kentucky,25758,281.37
Perry,Kentucky,57876,342.64
Pike,Kentucky,12359,788.89
Powell,Kentucky,64979,180.21
Pulaski,Kentucky,2108,677.09
Robertson,Kentucky,16695,100.11
Rockcastle,Kentucky,24460,318.08
Rowan,Kentucky,17923,286.27
Russell,Kentucky,57004,282.84
Scott,Kentucky,49024,285.31
Shelby,Kentucky,18572,385.67
Simpson,Kentucky,19351,236.21
Spencer,Kentucky,25769,191.81
Taylor,Kentucky,12294,277.06
Todd,Kentucky,14651,377
Trigg,Kentucky,8471,481.12
Trimble,Kentucky,14381,156.24
Union,Kentucky,132896,363.44
Warren,Kentucky,12095,547.72
Washington,Kentucky,20333,301.54
Wayne,Kentucky,12942,484.22
Webster,Kentucky,36264,335.7
Whitley,Kentucky,7157,445.17
Wolfe,Kentucky,26734,222.88
Woodford,Kentucky,62045,192
Acadia Parish,Louisiana,25627,657.65
Allen Parish,Louisiana,126604,765.72
Ascension Parish,Louisiana,21891,302.91
Assumption Parish,Louisiana,40144,364.59
Avoyelles Parish,Louisiana,37497,865.74
Beauregard Parish,Louisiana,13241,1166.06
Bienville Parish,Louisiana,127039,821.83
Bossier Parish,Louisiana,240204,867.01
Caddo Parish,Louisiana,203436,937.01
Calcasieu Parish,Louisiana,9918,1094.42
Caldwell Parish,Louisiana,6973,540.77
Cameron Parish,Louisiana,9494,1931.76
Catahoula Parish,Louisiana,15670,739.5
Claiborne Parish,Louisiana,19259,767.52
Concordia Parish,Louisiana,27463,748.74
De Soto Parish,Louisiana,440059,894.55
East Baton Rouge Parish,Louisiana,6861,470.59
East Carroll Parish,Louisiana,19135,442.49
East Feliciana Parish,Louisiana,33395,455.72
Evangeline Parish,Louisiana,20015,679.64
Franklin Parish,Louisiana,22389,635.48
Grant Parish,Louisiana,69830,664.6
Iberia Parish,Louisiana,32511,1030.94
Iberville Parish,Louisiana,15744,652.88
Jackson Parish,Louisiana,432493,580.38
Jefferson Parish,Louisiana,31368,642.42
Jefferson Davis Parish,Louisiana,244390,658.62
Lafayette Parish,Louisiana,97614,270.32
Lafourche Parish,Louisiana,14892,1472.3
LaSalle Parish,Louisiana,46742,662.42
Lincoln Parish,Louisiana,140789,472.3
Livingston Parish,Louisiana,10951,702.89
Madison Parish,Louisiana,24874,650.59
Morehouse Parish,Louisiana,38158,805.26
Natchitoches Parish,Louisiana,390144,1299.38
Orleans Parish[q],Louisiana,153279,350.23
Ouachita Parish,Louisiana,23197,632.76
Plaquemines Parish,Louisiana,21730,2428.73
Pointe Coupee Parish,Louisiana,129648,590.74
Rapides Parish,Louisiana,8442,1362.04
Red River Parish,Louisiana,20122,402.1
Richland Parish,Louisiana,23884,564.55
Sabine Parish,Louisiana,47244,1011.59
St. Bernard Parish,Louisiana,53100,1793.84
St. Charles Parish,Louisiana,10132,410.18
St. Helena Parish,Louisiana,21096,409.49
St. James Parish,Louisiana,42837,257.81
St. John the Baptist Parish,Louisiana,82124,347.86
St. Landry Parish,Louisiana,53431,938.88
St. Martin Parish,Louisiana,49348,816.51
St. Mary Parish,Louisiana,260419,1118.93
St. Tammany Parish,Louisiana,134758,1124.13
Tangipahoa Parish,Louisiana,4334,823.19
Tensas Parish,Louisiana,110461,641.25
Terrebonne Parish,Louisiana,22108,2080.08
Union Parish,Louisiana,59511,905.36
Vermilion Parish,Louisiana,47429,1538.42
Vernon Parish,Louisiana,46194,1341.61
Washington Parish,Louisiana,38340,676.01
Webster Parish,Louisiana,26465,615.13
West Baton Rouge Parish,Louisiana,10830,203.64
West Carroll Parish,Louisiana,15568,360.35
West Feliciana Parish,Louisiana,13904,426.05
Winn Parish,Louisiana,108277,956.98
Androscoggin,Maine,67055,497.25
Aroostook,Maine,295003,6829.18
Cumberland,Maine,30199,1217.01
Franklin,Maine,54987,1744.46
Hancock,Maine,122302,2351.18
Kennebec,Maine,39772,951.24
Knox,Maine,34634,1142.07
Lincoln,Maine,57975,699.97
Oxford,Maine,152148,2175.44
Penobscot,Maine,16785,3556.42
Piscataquis,Maine,35856,4377.71
Sagadahoc,Maine,50484,370.29
Somerset,Maine,39715,4095.73
Waldo,Maine,31379,852.81
Washington,Maine,207641,3255.14
York,Maine,70416,1271.44
Allegany,Maryland,579234,429.74
Anne Arundel,Maryland,827370,587.91
Baltimore,Maryland,92525,682.08
Calvert,Maryland,33406,345.11
Caroline,Maryland,168447,326.07
Carroll,Maryland,102855,452.43
Cecil,Maryland,163257,417.89
Charles,Maryland,31929,643.27
Dorchester,Maryland,259547,982.97
Frederick,Maryland,29014,667.4
Garrett,Maryland,255441,656.08
Harford,Maryland,325690,526.74
Howard,Maryland,19422,253.56
Kent,Maryland,1050688,414.32
Montgomery,Maryland,909327,506.22
Prince George's,Maryland,50381,499.42
Queen Anne's,Maryland,113510,509.82
St. Mary's,Maryland,25616,764.54
Somerset,Maryland,37181,610.81
Talbot,Maryland,151049,476.81
Washington,Maryland,103609,467.57
Wicomico,Maryland,52276,399.81
Worcester,Maryland,593490,694.78
Baltimore City[r],Maryland,212990,92.08
Barnstable,Massachusetts,124944,1305.52
Berkshire[n],Massachusetts,565217,946.34
Bristol,Massachusetts,17332,691.26
Dukes,Massachusetts,789034,491
Essex[n],Massachusetts,70180,828.69
Franklin[n],Massachusetts,466372,724.81
Hampden[n],Massachusetts,160830,634.17
Hampshire[n],Massachusetts,1611699,545.47
Middlesex[n],Massachusetts,11399,847.63
Nantucket Town and County of[s],Massachusetts,706775,303.28
Norfolk,Massachusetts,521202,443.97
Plymouth,Massachusetts,803907,1093.48
Suffolk[n],Massachusetts,830622,120.07
Worcester[n],Massachusetts,10405,1579.11
Alcona,Michigan,9108,1790.56
Alger,Michigan,118081,5044.37
Allegan,Michigan,28405,1833.51
Alpena,Michigan,23324,1695.05
Antrim,Michigan,14883,601.94
Arenac,Michigan,8209,680.75
Baraga,Michigan,61550,1069.12
Barry,Michigan,103126,576.93
Bay,Michigan,17766,630.98
Benzie,Michigan,153401,859.72
Berrien,Michigan,43517,1581.47
Branch,Michigan,134159,519.52
Calhoun,Michigan,51787,718.49
Cass,Michigan,26143,508.51
Charlevoix,Michigan,25276,1390.87
Cheboygan,Michigan,37349,885.26
Chippewa,Michigan,30950,2698
Clare,Michigan,79595,575.25
Clinton,Michigan,14029,574.6
Crawford,Michigan,35784,563.41
Delta,Michigan,25239,1991.75
Dickinson,Michigan,110268,777.2
Eaton,Michigan,33415,579.07
Emmet,Michigan,405813,882.33
Genesee,Michigan,25449,649.37
Gladwin,Michigan,13975,516.46
Gogebic,Michigan,93088,1476.54
Grand Traverse,Michigan,40711,601.17
Gratiot,Michigan,45605,571.64
Hillsdale,Michigan,35684,607.18
Houghton,Michigan,30981,1501.63
Huron,Michigan,292406,2137.25
Ingham,Michigan,64697,560.98
Ionia,Michigan,25127,580.26
Iosco,Michigan,11066,1890.72
Iron,Michigan,69872,1211.16
Isabella,Michigan,158510,577.78
Jackson,Michigan,265066,723.82
Kalamazoo,Michigan,18038,580.23
Kalkaska,Michigan,656955,570.79
Kent,Michigan,2116,872.21
Keweenaw,Michigan,11853,6060.49
Lake,Michigan,87607,574.64
Lapeer,Michigan,21761,663.12
Leelanau,Michigan,98451,2533.36
Lenawee,Michigan,191995,761.38
Livingston,Michigan,6229,585.46
Luce,Michigan,10799,1911.9
Mackinac,Michigan,873972,2100.59
Macomb,Michigan,24558,569.81
Manistee,Michigan,66699,1280.9
Marquette,Michigan,29144,3426.9
Mason,Michigan,43453,1241.98
Mecosta,Michigan,22780,571.14
Menominee,Michigan,83156,1338.13
Midland,Michigan,15118,527.92
Missaukee,Michigan,150500,573.85
Monroe,Michigan,63888,680.1
Montcalm,Michigan,9328,721.02
Montmorency,Michigan,173566,562.46
Muskegon,Michigan,48980,1459.29
Newaygo,Michigan,1257584,861.45
Oakland,Michigan,26467,908.07
Oceana,Michigan,20997,1306.83
Ogemaw,Michigan,5720,574.67
Ontonagon,Michigan,23460,3741.37
Osceola,Michigan,8241,573.15
Oscoda,Michigan,24668,571.6
Otsego,Michigan,291830,526
Ottawa,Michigan,12592,1632.12
Presque Isle,Michigan,24019,2573.22
Roscommon,Michigan,190539,579.86
Saginaw,Michigan,159128,815.82
St. Clair,Michigan,60964,832.55
St. Joseph,Michigan,41170,521.18
Sanilac,Michigan,8094,1590.64
Schoolcraft,Michigan,68122,1883.79
Shiawassee,Michigan,52245,540.78
Tuscola,Michigan,75677,913.83
Van Buren,Michigan,367601,1090.28
Washtenaw,Michigan,1749343,722.59
Wayne,Michigan,33631,672.26
Wexford,Michigan,15886,575.88
Aitkin,Minnesota,356921,1995.39
Anoka,Minnesota,34423,446.28
Becker,Minnesota,47188,1445.17
Beltrami,Minnesota,40889,3055.7
Benton,Minnesota,4991,413.02
Big Stone,Minnesota,67653,527.92
Blue Earth,Minnesota,25008,765.93
Brown,Minnesota,35871,618.62
Carlton,Minnesota,105089,875.28
Carver,Minnesota,29779,376.23
Cass,Minnesota,11800,2414.31
Chippewa,Minnesota,56579,587.85
Chisago,Minnesota,64222,442.53
Clay,Minnesota,8818,1052.78
Clearwater,Minnesota,5463,1029.85
Cook,Minnesota,11196,3339.29
Cottonwood,Minnesota,65055,648.94
Crow Wing,Minnesota,429021,1156.62
Dakota,Minnesota,20934,586.36
Dodge,Minnesota,38141,439.64
Douglas,Minnesota,13653,719.97
Faribault,Minnesota,21067,721.64
Fillmore,Minnesota,30281,862.19
Freeborn,Minnesota,46340,722.66
Goodhue,Minnesota,5972,780.47
Grant,Minnesota,1265843,575.21
Hennepin,Minnesota,18600,606.43
Houston,Minnesota,21491,568.95
Hubbard,Minnesota,40596,999.44
Isanti,Minnesota,45130,451.9
Itasca,Minnesota,9846,2927.91
Jackson,Minnesota,16337,719.51
Kanabec,Minnesota,43199,533.41
Kandiyohi,Minnesota,4298,862.01
Kittson,Minnesota,12229,1103.54
Koochiching,Minnesota,6623,3154.35
Lac qui Parle,Minnesota,10641,778.09
Lake,Minnesota,3740,2991.14
Lake of the Woods,Minnesota,28887,1775.08
Le Sueur,Minnesota,5639,473.9
Lincoln,Minnesota,25474,548.47
Lyon,Minnesota,35893,721.49
McLeod,Minnesota,5527,505.7
Mahnomen,Minnesota,9336,583.02
Marshall,Minnesota,19683,1812.83
Martin,Minnesota,23222,729.59
Meeker,Minnesota,26277,645.11
Mille Lacs,Minnesota,33386,681.8
Morrison,Minnesota,40062,1153.37
Mower,Minnesota,8194,711.74
Murray,Minnesota,34274,719.56
Nicollet,Minnesota,21629,466.98
Nobles,Minnesota,6375,722.36
Norman,Minnesota,158293,876.85
Olmsted,Minnesota,58746,654.53
Otter Tail,Minnesota,14119,2225.03
Pennington,Minnesota,29579,618.36
Pine,Minnesota,9126,1434.68
Pipestone,Minnesota,31364,466.17
Polk,Minnesota,11249,1997.89
Pope,Minnesota,550321,717.33
Ramsey,Minnesota,4055,170.16
Red Lake,Minnesota,15170,432.52
Redwood,Minnesota,14548,881.28
Renville,Minnesota,66972,987.27
Rice,Minnesota,9315,516.14
Rock,Minnesota,15165,482.86
Roseau,Minnesota,199070,1678.48
St. Louis,Minnesota,149013,6860.53
Scott,Minnesota,97238,368.57
Sherburne,Minnesota,14865,451
Sibley,Minnesota,161075,600.39
Stearns,Minnesota,36649,1389.99
Steele,Minnesota,9805,432.18
Stevens,Minnesota,9266,575.27
Swift,Minnesota,24664,752.39
Todd,Minnesota,3259,979.39
Traverse,Minnesota,21627,586
Wabasha,Minnesota,13682,549.85
Wadena,Minnesota,18612,543.02
Waseca,Minnesota,262440,432.82
Washington,Minnesota,10897,423.19
Watonwan,Minnesota,6207,439.93
Wilkin,Minnesota,50484,751.67
Winona,Minnesota,138377,641.63
Wright,Minnesota,9709,714.42
Yellow Medicine,Minnesota,30693,763.42
Adams,Mississippi,36953,486.28
Alcorn,Mississippi,12297,401.38
Amite,Mississippi,18174,731.7
Attala,Mississippi,8259,737.15
Benton,Mississippi,30628,408.67
Bolivar,Mississippi,14361,905.82
Calhoun,Mississippi,9947,588
Carroll,Mississippi,17103,634.59
Chickasaw,Mississippi,8210,504.3
Choctaw,Mississippi,8988,419.84
Claiborne,Mississippi,15541,501.44
Clarke,Mississippi,19316,693.46
Clay,Mississippi,22124,416.05
Coahoma,Mississippi,28065,583.18
Copiah,Mississippi,18636,779.45
Covington,Mississippi,184945,414.97
DeSoto,Mississippi,74897,496.82
Forrest,Mississippi,7713,470.2
Franklin,Mississippi,24500,566.78
George,Mississippi,13586,483.65
Greene,Mississippi,20758,718.73
Grenada,Mississippi,47632,449.41
Hancock,Mississippi,208080,552.56
Harrison,Mississippi,231840,976.18
Hinds,Mississippi,17010,877.41
Holmes,Mississippi,8064,764.24
Humphreys,Mississippi,1327,431.2
Issaquena,Mississippi,23390,441.4
Itawamba,Mississippi,143617,540.46
Jackson,Mississippi,16383,1043.36
Jasper,Mississippi,6990,677.49
Jefferson,Mississippi,11128,527.24
Jefferson Davis,Mississippi,68098,409.14
Jones,Mississippi,9742,699.79
Kemper,Mississippi,54019,767.05
Lafayette,Mississippi,63343,679.33
Lamar,Mississippi,74125,500.52
Lauderdale,Mississippi,12586,715.33
Lawrence,Mississippi,22786,435.76
Leake,Mississippi,85436,585.43
Lee,Mississippi,28183,453.17
Leflore,Mississippi,34153,606.4
Lincoln,Mississippi,58595,588.22
Lowndes,Mississippi,106272,516.48
Madison,Mississippi,24573,742.03
Marion,Mississippi,35294,548.61
Marshall,Mississippi,35252,709.86
Monroe,Mississippi,9775,772.1
Montgomery,Mississippi,29118,407.9
Neshoba,Mississippi,21018,571.69
Newton,Mississippi,10417,579.62
Noxubee,Mississippi,49587,700.09
Oktibbeha,Mississippi,34192,461.94
Panola,Mississippi,55535,705.19
Pearl River,Mississippi,11973,818.98
Perry,Mississippi,39288,650.24
Pike,Mississippi,32174,410.81
Pontotoc,Mississippi,25126,501.02
Prentiss,Mississippi,6792,418.28
Quitman,Mississippi,155271,406.52
Rankin,Mississippi,28124,806.16
Scott,Mississippi,4321,610.43
Sharkey,Mississippi,26658,434.92
Simpson,Mississippi,15916,590.57
Smith,Mississippi,18336,637.32
Stone,Mississippi,25110,448.09
Sunflower,Mississippi,13809,707.26
Tallahatchie,Mississippi,28321,652.13
Tate,Mississippi,22015,410.98
Tippah,Mississippi,19383,460
Tishomingo,Mississippi,9632,444.57
Tunica,Mississippi,28815,480.82
Union,Mississippi,14286,416.91
Walthall,Mississippi,45381,404.47
Warren,Mississippi,43909,618.82
Washington,Mississippi,20183,761.31
Wayne,Mississippi,9689,813.54
Webster,Mississippi,8630,423.38
Wilkinson,Mississippi,17955,687.71
Winston,Mississippi,12108,610.15
Yalobusha,Mississippi,29690,495.03
Yazoo,Mississippi,25343,934.2
Adair,Missouri,17712,569.35
Andrew,Missouri,5143,436.53
Atchison,Missouri,25388,547.39
Audrain,Missouri,35789,696.83
Barry,Missouri,11754,790.96
Barton,Missouri,16172,596.78
Bates,Missouri,19443,851.45
Benton,Missouri,12133,752.55
Bollinger,Missouri,180463,621.21
Boone,Missouri,87364,691.19
Buchanan,Missouri,42478,414.6
Butler,Missouri,9020,699.01
Caldwell,Missouri,44743,429.75
Callaway,Missouri,46305,847.26
Camden,Missouri,78871,708.9
Cape Girardeau,Missouri,8679,586.33
Carroll,Missouri,5982,702.35
Carter,Missouri,105780,509.06
Cass,Missouri,14349,702.73
Cedar,Missouri,7426,498.54
Chariton,Missouri,88595,768.3
Christian,Missouri,6797,564.09
Clark,Missouri,249948,511.93
Clay,Missouri,20387,409.16
Clinton,Missouri,76745,423.5
Cole,Missouri,17709,399.11
Cooper,Missouri,23920,570.25
Crawford,Missouri,7561,743.82
Dade,Missouri,16878,506.34
Dallas,Missouri,8278,542.87
Daviess,Missouri,12547,569.12
DeKalb,Missouri,15573,425.8
Dent,Missouri,13185,754.56
Douglas,Missouri,29131,814.67
Dunklin,Missouri,103967,547.14
Franklin,Missouri,14706,929.64
Gasconade,Missouri,6571,524.53
Gentry,Missouri,293086,491.84
Greene,Missouri,9850,677.84
Grundy,Missouri,8352,438.01
Harrison,Missouri,21824,726.5
Henry,Missouri,9544,732.61
Hickory,Missouri,4403,411.77
Holt,Missouri,10001,469.09
Howard,Missouri,40117,470.58
Howell,Missouri,10125,928.39
Iron,Missouri,703011,552.09
Jackson,Missouri,121328,616.16
Jasper,Missouri,225081,641.37
Jefferson,Missouri,54062,664.12
Johnson,Missouri,3959,833.09
Knox,Missouri,35723,506.8
Laclede,Missouri,32708,768.03
Lafayette,Missouri,38355,638.9
Lawrence,Missouri,9776,613.42
Lewis,Missouri,59013,510.88
Lincoln,Missouri,11920,640.44
Linn,Missouri,15227,621.5
Livingston,Missouri,22837,538.51
McDonald,Missouri,15117,539.74
Macon,Missouri,12088,812.58
Madison,Missouri,8697,497.64
Maries,Missouri,28530,530.01
Marion,Missouri,3617,444.07
Mercer,Missouri,25619,455.21
Miller,Missouri,13180,599.98
Mississippi,Missouri,16132,428.93
Moniteau,Missouri,8644,418.87
Monroe,Missouri,11551,670.26
Montgomery,Missouri,20627,541.97
Morgan,Missouri,17076,613.94
New Madrid,Missouri,58236,698.07
Newton,Missouri,22092,626.72
Nodaway,Missouri,10529,877.81
Oregon,Missouri,13615,791.65
Osage,Missouri,9174,613.44
Ozark,Missouri,15805,755.13
Pemiscot,Missouri,19136,512.44
Perry,Missouri,42339,484.3
Pettis,Missouri,44573,686.38
Phelps,Missouri,18302,674.32
Pike,Missouri,104418,684.84
Platte,Missouri,32149,427.26
Polk,Missouri,52607,642.51
Pulaski,Missouri,4696,551.44
Putnam,Missouri,10309,519.7
Ralls,Missouri,24748,483.84
Randolph,Missouri,23018,487.69
Ray,Missouri,6270,573.62
Reynolds,Missouri,13288,814.47
Ripley,Missouri,402022,631.71
St. Charles,Missouri,9397,593.54
St. Clair,Missouri,17894,701.95
Ste. Genevieve,Missouri,67215,508.96
St. Francois,Missouri,994205,452.43
St. Louis,Missouri,22761,523.61
Saline,Missouri,4660,764.62
Schuyler,Missouri,4902,308.18
Scotland,Missouri,38280,439.29
Scott,Missouri,8166,426.06
Shannon,Missouri,5930,1004.05
Shelby,Missouri,29025,502.45
Stoddard,Missouri,31952,828.99
Stone,Missouri,6089,510.95
Sullivan,Missouri,55928,651.48
Taney,Missouri,25398,651.53
Texas,Missouri,20563,1179.33
Vernon,Missouri,35649,837.11
Warren,Missouri,24730,437.76
Washington,Missouri,12873,762.5
Wayne,Missouri,39592,774.13
Webster,Missouri,2013,593.74
Worth,Missouri,18289,266.77
Wright,Missouri,300576,683.24
St. Louis City of[t],Missouri,9453,66.15
Beaverhead,Montana,13319,5572.35
Big Horn,Montana,6681,5014.72
Blaine,Montana,6237,4238.98
Broadwater,Montana,10725,1238.94
Carbon,Montana,1252,2062.26
Carter,Montana,81366,3348.41
Cascade,Montana,5635,2711.74
Chouteau,Montana,11402,3997.13
Custer,Montana,1690,3793.37
Daniels,Montana,8613,1426.57
Dawson,Montana,9140,2383.23
Deer Lodge,Montana,2846,741.27
Fallon,Montana,11050,1623.06
Fergus,Montana,103806,4350.51
Flathead,Montana,114434,5256.6
Gallatin,Montana,1258,2532.73
Garfield,Montana,13753,4847.66
Glacier,Montana,821,3037.12
Golden Valley,Montana,3379,1176.42
Granite,Montana,16484,1733.17
Hill,Montana,12221,2916.07
Jefferson,Montana,2007,1658.89
Judith Basin,Montana,30458,1870.75
Lake,Montana,69432,1653.75
Lewis and Clark,Montana,2337,3497.63
Liberty,Montana,19980,1447.18
Lincoln,Montana,1664,3675.22
McCone,Montana,8600,2682.84
Madison,Montana,1862,3602.93
Meagher,Montana,4397,2394.87
Mineral,Montana,119600,1223.43
Missoula,Montana,4633,2618.39
Musselshell,Montana,16606,1870.94
Park,Montana,487,2666.73
Petroleum,Montana,3954,1674.05
Phillips,Montana,5911,5212.22
Pondera,Montana,1682,1639.83
Powder River,Montana,6890,3298.02
Powell,Montana,1077,2332.71
Prairie,Montana,43806,1742.61
Ravalli,Montana,10803,2400.39
Richland,Montana,11004,2103.08
Roosevelt,Montana,8937,2369.7
Rosebud,Montana,12113,5026.96
Sanders,Montana,3309,2790.18
Sheridan,Montana,34915,1706.38
Silver Bow,Montana,9642,718.99
Stillwater,Montana,3737,1804.71
Sweet Grass,Montana,6147,1862.1
Teton,Montana,4736,2292.57
Toole,Montana,696,1945.82
Treasure,Montana,7396,984.14
Valley,Montana,2126,5062.08
Wheatland,Montana,969,1428.37
Wibaux,Montana,161300,890.12
Yellowstone,Montana,31363,2649.11
Adams,Nebraska,6298,564.19
Antelope,Nebraska,463,858.49
Arthur,Nebraska,745,718.36
Banner,Nebraska,465,746.43
Blaine,Nebraska,5192,714.39
Boone,Nebraska,10783,687.3
Box Butte,Nebraska,1919,1077.92
Boyd,Nebraska,2955,544.64
Brown,Nebraska,49659,1225.15
Buffalo,Nebraska,6459,975.31
Burt,Nebraska,8016,497.12
Butler,Nebraska,26248,584.43
Cass,Nebraska,8402,566.27
Cedar,Nebraska,3924,745.86
Chase,Nebraska,5689,897.67
Cherry,Nebraska,8910,6009.87
Cheyenne,Nebraska,6203,1196.55
Clay,Nebraska,10709,573.56
Colfax,Nebraska,8846,418.61
Cuming,Nebraska,10777,574.58
Custer,Nebraska,20026,2576.21
Dakota,Nebraska,8589,267.41
Dawes,Nebraska,23595,1400.9
Dawson,Nebraska,1794,1019.34
Deuel,Nebraska,5636,440.83
Dixon,Nebraska,36565,482.75
Dodge,Nebraska,571327,543.98
Douglas,Nebraska,1693,339.65
Dundy,Nebraska,5462,920.84
Fillmore,Nebraska,2979,576.66
Franklin,Nebraska,2627,576.13
Frontier,Nebraska,4676,980.11
Furnas,Nebraska,21513,720.53
Gage,Nebraska,1837,859.99
Garden,Nebraska,1969,1731.15
Garfield,Nebraska,1990,571.36
Gosper,Nebraska,623,462.77
Grant,Nebraska,2356,783.27
Greeley,Nebraska,61353,570.74
Hall,Nebraska,9324,552.25
Hamilton,Nebraska,3380,546.76
Harlan,Nebraska,922,574.2
Hayes,Nebraska,2762,713.37
Hitchcock,Nebraska,10067,718.62
Holt,Nebraska,682,2417.8
Hooker,Nebraska,6445,721.54
Howard,Nebraska,7046,575.77
Jefferson,Nebraska,5071,575.53
Johnson,Nebraska,6495,376.84
Kearney,Nebraska,8034,516.15
Keith,Nebraska,806,1109.85
Keya Paha,Nebraska,3632,774.21
Kimball,Nebraska,8332,952.38
Knox,Nebraska,319090,1139.75
Lancaster,Nebraska,34914,846.73
Lincoln,Nebraska,748,2575.27
Logan,Nebraska,664,571.18
Loup,Nebraska,494,571.06
McPherson,Nebraska,35099,860.06
Madison,Nebraska,7755,575.09
Merrick,Nebraska,4642,494.39
Morrill,Nebraska,3519,1429.92
Nance,Nebraska,6972,448.08
Nemaha,Nebraska,4148,411.91
Nuckolls,Nebraska,16012,576
Otoe,Nebraska,2613,619.12
Pawnee,Nebraska,2891,432.97
Perkins,Nebraska,9034,884.33
Phelps,Nebraska,7148,540.62
Pierce,Nebraska,33470,575.31
Platte,Nebraska,5213,689.13
Polk,Nebraska,10724,441.13
Red Willow,Nebraska,7865,718.1
Richardson,Nebraska,1357,555.98
Rock,Nebraska,14224,1011.91
Saline,Nebraska,187196,576.08
Sarpy,Nebraska,21578,247.29
Saunders,Nebraska,35618,758.91
Scotts Bluff,Nebraska,17284,745.57
Seward,Nebraska,5246,575.74
Sheridan,Nebraska,3001,2470.12
Sherman,Nebraska,1166,571.66
Sioux,Nebraska,5920,2067.43
Stanton,Nebraska,5003,431.08
Thayer,Nebraska,722,575.36
Thomas,Nebraska,7224,713.69
Thurston,Nebraska,4158,396.27
Valley,Nebraska,20729,570.54
Washington,Nebraska,9385,393.79
Wayne,Nebraska,3487,443.52
Webster,Nebraska,783,575.04
Wheeler,Nebraska,13679,575.61
York,Nebraska,24909,576.04
Churchill,Nevada,2266715,5023.65
Clark,Nevada,48905,8091.05
Douglas,Nevada,52778,737.67
Elko,Nevada,873,17204.04
Esmeralda,Nevada,2029,3589.19
Eureka,Nevada,16831,4180.25
Humboldt,Nevada,5532,9658.42
Lander,Nevada,5183,5519.64
Lincoln,Nevada,57510,10637.44
Lyon,Nevada,4505,2016.49
Mineral,Nevada,46523,3813.17
Nye,Nevada,6725,18159.71
Pershing,Nevada,4123,6067.89
Storey,Nevada,471519,263.81
Washoe,Nevada,9580,6551.48
White Pine,Nevada,55916,8897.17
Carson City Consolidated Municipality of[u],Nevada,61303,155.85
Belknap,New Hampshire,48910,468.59
Carroll,New Hampshire,76085,992.32
Cheshire,New Hampshire,31563,729.21
Coos,New Hampshire,89886,1831.72
Grafton,New Hampshire,417025,1750.3
Hillsborough,New Hampshire,151391,892.28
Merrimack,New Hampshire,309769,956.56
Rockingham,New Hampshire,130633,794.04
Strafford,New Hampshire,43146,383.95
Sullivan,New Hampshire,263670,551.98
Atlantic,New Jersey,932202,671.47
Bergen,New Jersey,445349,246.82
Burlington,New Jersey,506471,819.48
Camden,New Jersey,92039,227.59
Cape May,New Jersey,149527,620.29
Cumberland,New Jersey,798975,676.57
Essex,New Jersey,291636,129.59
Gloucester,New Jersey,672391,337
Hudson,New Jersey,124371,62.26
Hunterdon,New Jersey,367430,437.85
Mercer,New Jersey,825062,228.87
Middlesex,New Jersey,618795,322.65
Monmouth,New Jersey,491845,665.34
Morris,New Jersey,607186,481.36
Ocean,New Jersey,501826,915.9
Passaic,New Jersey,62385,197.07
Salem,New Jersey,328934,372.54
Somerset,New Jersey,140488,305.07
Sussex,New Jersey,556341,535.96
Union,New Jersey,105267,105.46
Warren,New Jersey,679121,362.78
Bernalillo,New Mexico,3527,1168.77
Catron,New Mexico,64615,6929.49
Chaves,New Mexico,26675,6075.6
Cibola,New Mexico,11941,4542.07
Colfax,New Mexico,48954,3768.29
Curry,New Mexico,1748,1407.78
De Baca,New Mexico,218195,2334.02
Doña Ana,New Mexico,58460,3814.88
Eddy,New Mexico,26998,4197.8
Grant,New Mexico,4300,3967.79
Guadalupe,New Mexico,625,3031.81
Harding,New Mexico,4198,2126.1
Hidalgo,New Mexico,71070,3446.2
Lea,New Mexico,19572,4394.33
Lincoln,New Mexico,19369,4831.64
Los Alamos[v],New Mexico,23709,109.35
Luna,New Mexico,71367,2965.5
McKinley,New Mexico,4521,5455.62
Mora,New Mexico,67490,1933.6
Otero,New Mexico,8253,6627.84
Quay,New Mexico,38921,2881.98
Rio Arriba,New Mexico,18500,5896.53
Roosevelt,New Mexico,146748,2455.08
Sandoval,New Mexico,123958,3714.65
San Juan,New Mexico,27277,5538.71
San Miguel,New Mexico,150358,4736
Santa Fe,New Mexico,10791,1910.95
Sierra,New Mexico,16637,4236.59
Socorro,New Mexico,32723,6649.06
Taos,New Mexico,15461,2204.77
Torrance,New Mexico,4059,3346.1
Union,New Mexico,76688,3831
Valencia,New Mexico,305506,1068.29
Albany,New York,46091,533.47
Allegany,New York,1418207,1034.48
Bronx,New York,190488,57.42
Broome,New York,76117,715.5
Cattaraugus,New York,76576,1322.33
Cayuga,New York,126903,778.93
Chautauqua,New York,83456,1500.19
Chemung,New York,47207,410.81
Chenango,New York,80485,898.76
Clinton,New York,59461,1117.68
Columbia,New York,47581,648.32
Cortland,New York,44135,501.55
Delaware,New York,294218,1468.11
Dutchess,New York,918702,825.43
Erie,New York,36885,1226.97
Essex,New York,50022,1916.62
Franklin,New York,53383,1697.54
Fulton,New York,57280,532.94
Genesee,New York,47188,495.37
Greene,New York,4416,658.19
Hamilton,New York,61319,1807.9
Herkimer,New York,109834,1458.46
Jefferson,New York,2559903,1857.35
Kings,New York,26296,96.87
Lewis,New York,62914,1289.99
Livingston,New York,70941,640.49
Madison,New York,741770,661.56
Monroe,New York,49221,1365.95
Montgomery,New York,1356924,410.35
Nassau,New York,1628706,453.32
New York,New York,209281,33.68
Niagara,New York,228671,1139.89
Oneida,New York,460528,1257.16
Onondaga,New York,109777,805.73
Ontario,New York,384940,662.46
Orange,New York,40352,838.58
Orleans,New York,117124,817.53
Oswego,New York,59493,1312.22
Otsego,New York,98320,1015.24
Putnam,New York,2253858,246.27
Queens,New York,158714,177.35
Rensselaer,New York,476143,665.46
Richmond,New York,325789,102.62
Rockland,New York,107740,199.36
St. Lawrence,New York,229863,2821.61
Saratoga,New York,155299,843.78
Schenectady,New York,30999,209.64
Schoharie,New York,17807,626.18
Schuyler,New York,34016,346.16
Seneca,New York,95379,390.53
Steuben,New York,1476601,1404.17
Suffolk,New York,75432,2373.39
Sullivan,New York,48203,996.93
Tioga,New York,102180,522.94
Tompkins,New York,177573,491.65
Ulster,New York,63944,1160.82
Warren,New York,61204,931.73
Washington,New York,89918,845.91
Wayne,New York,967506,1384.18
Westchester,New York,39859,500.21
Wyoming,New York,24913,596.48
Yates,New York,169509,371.85
Alamance,North Carolina,37497,434.8
Alexander,North Carolina,10939,263.29
Alleghany,North Carolina,26161,235.52
Anson,North Carolina,27151,537.17
Ashe,North Carolina,17713,426.81
Avery,North Carolina,46994,247.22
Beaufort,North Carolina,20344,958
Bertie,North Carolina,34843,741.22
Bladen,North Carolina,142820,887.15
Brunswick,North Carolina,261191,1050.06
Buncombe,North Carolina,90485,660.05
Burke,North Carolina,216453,514.91
Cabarrus,North Carolina,82178,365.02
Caldwell,North Carolina,10187,474.32
Camden,North Carolina,69743,305.72
Carteret,North Carolina,23190,1351.57
Caswell,North Carolina,159551,428.47
Catawba,North Carolina,74470,413.52
Chatham,North Carolina,27218,709.18
Cherokee,North Carolina,14726,466.69
Chowan,North Carolina,10584,233.32
Clay,North Carolina,97947,220.6
Cleveland,North Carolina,55508,468.31
Columbus,North Carolina,102139,953.64
Craven,North Carolina,335509,761.82
Cumberland,North Carolina,24396,658.5
Currituck,North Carolina,35019,525.68
Dare,North Carolina,167609,1561.59
Davidson,North Carolina,42846,566.81
Davie,North Carolina,58741,266.89
Duplin,North Carolina,321488,819.15
Durham,North Carolina,51472,298.12
Edgecombe,North Carolina,382295,506.61
Forsyth,North Carolina,69685,412.91
Franklin,North Carolina,224529,494.14
Gaston,North Carolina,11650,363.85
Gates,North Carolina,8736,345.63
Graham,North Carolina,60443,301.61
Granville,North Carolina,21232,536.6
Greene,North Carolina,537174,265.91
Guilford,North Carolina,50010,657.73
Halifax,North Carolina,135976,730.97
Harnett,North Carolina,62317,601.3
Haywood,North Carolina,117417,554.85
Henderson,North Carolina,24431,374.85
Hertford,North Carolina,55234,360.83
Hoke,North Carolina,5721,392.37
Hyde,North Carolina,181806,1424
Iredell,North Carolina,43938,593.42
Jackson,North Carolina,209339,494.36
Johnston,North Carolina,10215,795.9
Jones,North Carolina,61779,474.74
Lee,North Carolina,55949,259.36
Lenoir,North Carolina,86111,402.11
Lincoln,North Carolina,45756,307.06
McDowell,North Carolina,33857,446.43
Macon,North Carolina,21022,519.44
Madison,North Carolina,23699,451.61
Martin,North Carolina,1110356,462.9
Mecklenburg,North Carolina,15328,549.74
Mitchell,North Carolina,27571,222.15
Montgomery,North Carolina,100880,501.1
Moore,North Carolina,94298,706.29
Nash,North Carolina,234473,542.72
New Hanover,North Carolina,20839,327.93
Northampton,North Carolina,197938,550.26
Onslow,North Carolina,148476,908.46
Orange,North Carolina,12953,401.15
Pamlico,North Carolina,39824,566.24
Pasquotank,North Carolina,63060,289.45
Pender,North Carolina,13601,932.69
Perquimans,North Carolina,39490,328.95
Person,North Carolina,180742,404.1
Pitt,North Carolina,20411,654.81
Polk,North Carolina,143667,238.58
Randolph,North Carolina,44829,789.97
Richmond,North Carolina,130625,479.64
Robeson,North Carolina,91010,951.07
Rockingham,North Carolina,142088,572.35
Rowan,North Carolina,67029,523.89
Rutherford,North Carolina,63531,565.98
Sampson,North Carolina,36025,947.51
Scotland,North Carolina,62806,320.65
Stanly,North Carolina,45591,404.3
Stokes,North Carolina,71783,455.9
Surry,North Carolina,14058,537.81
Swain,North Carolina,32903,540.65
Transylvania,North Carolina,4109,380.57
Tyrrell,North Carolina,239859,600.32
Union,North Carolina,44535,639.64
Vance,North Carolina,1111761,269.85
Wake,North Carolina,20575,857.5
Warren,North Carolina,12722,443.83
Washington,North Carolina,56177,424.26
Watauga,North Carolina,123131,312.76
Wayne,North Carolina,68412,556.72
Wilkes,North Carolina,81801,759.96
Wilson,North Carolina,37667,374.29
Yadkin,North Carolina,17566,337.53
Yancey,North Carolina,2360,313.13
Adams,North Dakota,11190,988.89
Barnes,North Dakota,6877,1513.34
Benson,North Dakota,874,1439.39
Billings,North Dakota,6736,1153.47
Bottineau,North Dakota,3214,1697.83
Bowman,North Dakota,2306,1167.03
Burke,North Dakota,95626,1129.33
Burleigh,North Dakota,181923,1668.12
Cass,North Dakota,3896,1768
Cavalier,North Dakota,5248,1510.22
Dickey,North Dakota,2314,1141.76
Divide,North Dakota,4162,1294.24
Dunn,North Dakota,2404,2082.38
Eddy,North Dakota,3486,644.26
Emmons,North Dakota,3366,1554.82
Foster,North Dakota,1823,646.75
Golden Valley,North Dakota,69451,1002.4
Grand Forks,North Dakota,2377,1439.91
Grant,North Dakota,2296,1666.02
Griggs,North Dakota,2660,716.21
Hettinger,North Dakota,2428,1133.78
Kidder,North Dakota,4166,1433.3
LaMoure,North Dakota,1946,1150.86
Logan,North Dakota,5922,1011.14
McHenry,North Dakota,2754,1911.83
McIntosh,North Dakota,9314,995.12
McKenzie,North Dakota,9517,2861.05
McLean,North Dakota,8592,2328.27
Mercer,North Dakota,28990,1112.49
Morton,North Dakota,9376,1945.39
Mountrail,North Dakota,3095,1941.16
Nelson,North Dakota,1874,1008.8
Oliver,North Dakota,7181,731.23
Pembina,North Dakota,4451,1121.78
Pierce,North Dakota,11554,1082.26
Ramsey,North Dakota,5516,1300.93
Ransom,North Dakota,2608,864.18
Renville,North Dakota,16339,892.11
Richland,North Dakota,14582,1445.8
Rolette,North Dakota,3890,939.4
Sargent,North Dakota,1304,867.15
Sheridan,North Dakota,4430,1005.83
Sioux,North Dakota,761,1128.37
Slope,North Dakota,28212,1219.27
Stark,North Dakota,1960,1340.55
Steele,North Dakota,21120,715.54
Stutsman,North Dakota,2317,2298.36
Towner,North Dakota,8245,1041.61
Traill,North Dakota,11104,862.59
Walsh,North Dakota,67641,1294.17
Ward,North Dakota,4206,2056.36
Wells,North Dakota,29595,1290.7
Williams,North Dakota,0,2148.08
Adams,Ohio,2477,585.83
Allen,Ohio,48220,406.92
Ashland,Ohio,3136,426.86
Ashtabula,Ohio,27698,1368.76
Athens,Ohio,102351,508.58
Auglaize,Ohio,53484,401.74
Belmont,Ohio,97241,541.41
Brown,Ohio,65327,495.26
Butler,Ohio,45656,470.24
Carroll,Ohio,67006,399.02
Champaign,Ohio,43432,429.74
Clark,Ohio,383134,403.83
Clermont,Ohio,26914,457.74
Clinton,Ohio,38885,412.31
Columbiana,Ohio,134585,535.22
Coshocton,Ohio,206428,567.61
Crawford,Ohio,41968,402.85
Cuyahoga,Ohio,101883,1245.62
Darke,Ohio,36600,600.38
Defiance,Ohio,41494,414.21
Delaware,Ohio,1235072,455.99
Erie,Ohio,51113,625.78
Fairfield,Ohio,38087,508.58
Fayette,Ohio,209177,407.11
Franklin,Ohio,74266,543.35
Fulton,Ohio,157574,407.36
Gallia,Ohio,28525,471.16
Geauga,Ohio,1316756,408.71
Greene,Ohio,42126,416.24
Guernsey,Ohio,29898,528.33
Hamilton,Ohio,93649,412.81
Hancock,Ohio,168937,533.64
Hardin,Ohio,38875,470.55
Harrison,Ohio,817473,410.81
Henry,Ohio,75783,420
Highland,Ohio,31365,557.89
Hocking,Ohio,15040,423.62
Holmes,Ohio,27006,424.04
Huron,Ohio,43161,494.94
Jackson,Ohio,28264,421.52
Jefferson,Ohio,43960,410.89
Knox,Ohio,58266,529.56
Lake,Ohio,32413,979.02
Lawrence,Ohio,65325,457.3
Licking,Ohio,62322,688.39
Logan,Ohio,230149,466.81
Lorain,Ohio,59463,923.09
Lucas,Ohio,176862,560.64
Madison,Ohio,45672,465.97
Mahoning,Ohio,309833,423.4
Marion,Ohio,428348,404.17
Medina,Ohio,44731,423.13
Meigs,Ohio,228683,432.41
Mercer,Ohio,65093,473.32
Miami,Ohio,179746,409.19
Monroe,Ohio,22907,457.48
Montgomery,Ohio,41172,464.39
Morgan,Ohio,106987,421.88
Morrow,Ohio,13654,407.38
Muskingum,Ohio,531687,672.61
Noble,Ohio,14508,404.6
Ottawa,Ohio,35328,620.41
Paulding,Ohio,86215,418.92
Perry,Ohio,14424,412.62
Pickaway,Ohio,40525,506.84
Pike,Ohio,18672,443.98
Portage,Ohio,36134,507.14
Preble,Ohio,58457,426.35
Putnam,Ohio,27772,484.28
Richland,Ohio,162466,500.36
Ross,Ohio,40882,693
Sandusky,Ohio,33861,417.8
Scioto,Ohio,121154,616.12
Seneca,Ohio,76666,552.41
Shelby,Ohio,58518,411.06
Stark,Ohio,75314,580.94
Summit,Ohio,55178,420.1
Trumbull,Ohio,48590,634.08
Tuscarawas,Ohio,370606,571.53
Union,Ohio,541013,437
Van Wert,Ohio,197974,410.51
Vinton,Ohio,91987,414.99
Warren,Ohio,58988,407.14
Washington,Ohio,28275,640.18
Wayne,Ohio,13085,556.34
Williams,Ohio,234602,423.08
Wood,Ohio,59911,620.58
Wyandot,Ohio,115710,407.65
Adair,Oklahoma,36692,577.06
Alfalfa,Oklahoma,130817,881.5
Atoka,Oklahoma,21772,990.05
Beaver,Oklahoma,22194,1817.68
Beckham,Oklahoma,5847,904.19
Blaine,Oklahoma,13898,938.94
Bryan,Oklahoma,5566,943.49
Caddo,Oklahoma,23637,1290.41
Canadian,Oklahoma,9720,905.25
Carter,Oklahoma,47995,833.78
Cherokee,Oklahoma,29594,776.45
Choctaw,Oklahoma,148306,800.72
Cimarron,Oklahoma,48111,1841.27
Cleveland,Oklahoma,48657,558.39
Coal,Oklahoma,15045,521.32
Comanche,Oklahoma,2335,1083.91
Cotton,Oklahoma,284014,641.99
Craig,Oklahoma,5867,762.78
Creek,Oklahoma,120749,969.82
Custer,Oklahoma,6152,1002.07
Delaware,Oklahoma,14672,792.37
Dewey,Oklahoma,71522,1008.34
Ellis,Oklahoma,29377,1231.94
Garfield,Oklahoma,43009,1060
Garvin,Oklahoma,4844,813.73
Grady,Oklahoma,4170,1105.38
Grant,Oklahoma,61056,1003.67
Greer,Oklahoma,27334,643.71
Harmon,Oklahoma,55834,538.6
Harper,Oklahoma,4528,1041.02
Haskell,Oklahoma,6171,625.29
Hughes,Oklahoma,2869,814.69
Jackson,Oklahoma,3813,804.22
Jefferson,Oklahoma,13052,773.88
Johnston,Oklahoma,13823,658.33
Kay,Oklahoma,26088,945.2
Kingfisher,Oklahoma,6432,906.03
Kiowa,Oklahoma,10990,1030.74
Latimer,Oklahoma,43538,729.16
Le Flore,Oklahoma,15276,1608.14
Lincoln,Oklahoma,9341,965.68
Logan,Oklahoma,10775,748.98
Love,Oklahoma,49853,531.99
McClain,Oklahoma,34351,580.18
McCurtain,Oklahoma,48011,1901.45
McIntosh,Oklahoma,9742,712.49
Major,Oklahoma,36511,957.92
Marshall,Oklahoma,33065,426.98
Mayes,Oklahoma,20493,683.55
Murray,Oklahoma,7683,424.95
Muskogee,Oklahoma,15988,839.01
Noble,Oklahoma,41100,742.5
Nowata,Oklahoma,13712,580.93
Okfuskee,Oklahoma,67997,628.94
Oklahoma,Oklahoma,11446,718.38
Okmulgee,Oklahoma,10555,702.36
Osage,Oklahoma,12377,2303.94
Ottawa,Oklahoma,797434,484.77
Pawnee,Oklahoma,38465,594.92
Payne,Oklahoma,46963,697.18
Pittsburg,Oklahoma,32245,1377.92
Pontotoc,Oklahoma,16513,725.5
Pottawatomie,Oklahoma,81784,793.39
Pushmataha,Oklahoma,43654,1422.86
Roger Mills,Oklahoma,38284,1146.53
Rogers,Oklahoma,72592,711.49
Seminole,Oklahoma,11233,640.55
Sequoyah,Oklahoma,3743,714.93
Stephens,Oklahoma,92459,891.19
Texas,Oklahoma,25426,2048.97
Tillman,Oklahoma,41569,879.29
Tulsa,Oklahoma,43143,587.05
Wagoner,Oklahoma,22081,591.01
Washington,Oklahoma,7711,424.19
Washita,Oklahoma,651552,1009.14
Woods,Oklahoma,81289,1290.14
Woodward,Oklahoma,51527,1246.09
Baker,Oregon,11678,3088.61
Benton,Oregon,9041,679.01
Clackamas,Oregon,21221,1879.13
Clatsop,Oregon,16018,1084.8
Columbia,Oregon,93053,688.37
Coos,Oregon,418187,1806.45
Crook,Oregon,37244,2987.55
Curry,Oregon,52354,1988.64
Deschutes,Oregon,64487,3054.96
Douglas,Oregon,20815,5134.06
Gilliam,Oregon,22339,1222.91
Grant,Oregon,197692,4529.53
Harney,Oregon,110980,10227.05
Hood River,Oregon,1947,533.6
Jackson,Oregon,7283,2801.94
Jefferson,Oregon,7146,1791.27
Josephine,Oregon,22675,1641.66
Klamath,Oregon,220944,6136.19
Lake,Oregon,21145,8359.03
Lane,Oregon,87487,4721.95
Lincoln,Oregon,68238,1193.89
Linn,Oregon,7820,2309.3
Malheur,Oregon,382067,9930.51
Marion,Oregon,49962,1195.2
Morrow,Oregon,129749,2048.68
Multnomah,Oregon,30479,465.7
Polk,Oregon,347818,744.21
Sherman,Oregon,11336,831.29
Tillamook,Oregon,812855,1332.86
Umatilla,Oregon,86085,3231.34
Union,Oregon,1731,2038.4
Wallowa,Oregon,25317,3151.78
Wasco,Oregon,77950,2395.46
Washington,Oregon,25652,726.43
Wheeler,Oregon,6814,1715.55
Yamhill,Oregon,25477,718.41
Adams,Pennsylvania,601592,521.56
Allegheny,Pennsylvania,1381,744.73
Armstrong,Pennsylvania,107100,664.48
Beaver,Pennsylvania,103009,443.94
Bedford,Pennsylvania,1216045,1017.49
Berks,Pennsylvania,64735,865.68
Blair,Pennsylvania,163929,527.17
Bradford,Pennsylvania,47888,1161.09
Bucks,Pennsylvania,421164,622.15
Butler,Pennsylvania,121829,794.85
Cambria,Pennsylvania,60323,693.48
Cameron,Pennsylvania,628270,398.61
Carbon,Pennsylvania,187853,388.79
Centre,Pennsylvania,130192,1111.93
Chester,Pennsylvania,4886,759.86
Clarion,Pennsylvania,64182,608.99
Clearfield,Pennsylvania,162385,1153.87
Clinton,Pennsylvania,524989,898.12
Columbia,Pennsylvania,38438,489.81
Crawford,Pennsylvania,79255,1037.82
Cumberland,Pennsylvania,38632,551.2
Dauphin,Pennsylvania,64964,557.57
Delaware,Pennsylvania,84629,190.77
Elk,Pennsylvania,253370,832.27
Erie,Pennsylvania,278299,1558.49
Fayette,Pennsylvania,566747,797.99
Forest,Pennsylvania,31479,431.42
Franklin,Pennsylvania,269728,772.69
Fulton,Pennsylvania,129274,438.06
Greene,Pennsylvania,7631,577.99
Huntingdon,Pennsylvania,155027,890.3
Indiana,Pennsylvania,14670,834.35
Jefferson,Pennsylvania,36233,656.91
Juniata,Pennsylvania,45144,393.61
Lackawanna,Pennsylvania,84073,464.57
Lancaster,Pennsylvania,43425,983.9
Lawrence,Pennsylvania,24768,362.78
Lebanon,Pennsylvania,209674,362.61
Lehigh,Pennsylvania,545724,348.33
Luzerne,Pennsylvania,85512,907.14
Lycoming,Pennsylvania,141793,1243.84
McKean,Pennsylvania,369318,984.22
Mercer,Pennsylvania,317417,682.62
Mifflin,Pennsylvania,113299,413.46
Monroe,Pennsylvania,40625,616.05
Montgomery,Pennsylvania,109424,487.47
Montour,Pennsylvania,46138,132.3
Northampton,Pennsylvania,170271,377.41
Northumberland,Pennsylvania,830915,477.4
Perry,Pennsylvania,18541,555.81
Philadelphia[w],Pennsylvania,305285,142.68
Pike,Pennsylvania,90843,566.66
Potter,Pennsylvania,46272,1081.47
Schuylkill,Pennsylvania,1584064,782.63
Snyder,Pennsylvania,55809,332.18
Somerset,Pennsylvania,17497,1081.26
Sullivan,Pennsylvania,141359,452.37
Susquehanna,Pennsylvania,40372,832.44
Tioga,Pennsylvania,73447,1137.35
Union,Pennsylvania,6351,317.15
Venango,Pennsylvania,40328,683.08
Warren,Pennsylvania,40591,897.83
Washington,Pennsylvania,44923,861
Wayne,Pennsylvania,50668,750.59
Westmoreland,Pennsylvania,39191,1036.46
Wyoming,Pennsylvania,206865,404.82
York,Pennsylvania,51361,910.34
Bristol[n],Rhode Island,348899,44.71
Kent[n],Rhode Island,28003,188.01
Newport[n],Rhode Island,449058,313.65
Providence[n],Rhode Island,19483,435.85
Washington[n],Rhode Island,41959,562.9
Abbeville,South Carolina,54582,511.1
Aiken,South Carolina,28659,1080.53
Allendale,South Carolina,25900,412.59
Anderson,South Carolina,29261,757.47
Bamberg,South Carolina,96440,395.49
Barnwell,South Carolina,19575,557.29
Beaufort,South Carolina,24816,923
Berkeley,South Carolina,30318,1229.23
Calhoun,South Carolina,208116,392.36
Charleston,South Carolina,50917,1357.14
Cherokee,South Carolina,142893,397.3
Chester,South Carolina,35159,586.19
Chesterfield,South Carolina,47648,805.84
Clarendon,South Carolina,176762,695.71
Colleton,South Carolina,28140,1132.05
Darlington,South Carolina,48119,567.55
Dillon,South Carolina,13631,406.56
Dorchester,South Carolina,18782,576.74
Edgefield,South Carolina,43480,506.56
Fairfield,South Carolina,40512,709.98
Florence,South Carolina,20778,803.05
Georgetown,South Carolina,37142,1035.09
Greenville,South Carolina,1818,797.01
Greenwood,South Carolina,38165,462.95
Hampton,South Carolina,36993,562.72
Horry,South Carolina,12680,1255
Jasper,South Carolina,19427,685.84
Kershaw,South Carolina,45362,740.31
Lancaster,South Carolina,21581,555.32
Laurens,South Carolina,97924,722.02
Lee,South Carolina,45369,411.33
Lexington,South Carolina,41953,759.49
McCormick,South Carolina,17250,393.89
Marion,South Carolina,58466,494.11
Marlboro,South Carolina,45631,485.3
Newberry,South Carolina,16642,647.32
Oconee,South Carolina,79897,673.63
Orangeburg,South Carolina,40290,1127.83
Pickens,South Carolina,25753,511.87
Richland,South Carolina,30753,771.74
Saluda,South Carolina,9881,460.64
Spartanburg,South Carolina,38675,819.21
Sumter,South Carolina,30060,682.08
Union,South Carolina,20068,515.96
Williamsburg,South Carolina,44113,936.97
York,South Carolina,6276,695.77
Aurora,South Dakota,12225,712.58
Beadle,South Dakota,89080,1264.93
Bennett,South Dakota,40109,1190.7
Bon Homme,South Dakota,32610,581.37
Brookings,South Dakota,26720,804.82
Brown,South Dakota,30402,1731.36
Brule,South Dakota,23423,846.56
Buffalo,South Dakota,19277,487.46
Butte,South Dakota,24282,2266.43
Campbell,South Dakota,166327,771.39
Charles Mix,South Dakota,25919,1150.27
Clark,South Dakota,15200,967.88
Clay,South Dakota,54304,416.73
Codington,South Dakota,25265,717.13
Corson,South Dakota,31078,2529.52
Custer,South Dakota,35527,1559.22
Davison,South Dakota,395326,436.81
Day,South Dakota,41058,1091.29
Deuel,South Dakota,42430,636.75
Dewey,South Dakota,23274,2445.83
Douglas,South Dakota,74066,434.16
Edmunds,South Dakota,89609,1151.23
Fall River,South Dakota,74842,1749.24
Faulk,South Dakota,33149,1005.77
Grant,South Dakota,39951,687.95
Gregory,South Dakota,59662,1053.51
Haakon,South Dakota,9301,1827.37
Hamlin,South Dakota,26073,537.99
Hand,South Dakota,37941,1440.34
Hanson,South Dakota,42043,435.67
Harding,South Dakota,48479,2677.64
Hughes,South Dakota,164292,800.35
Hutchinson,South Dakota,82082,814.45
Hyde,South Dakota,638931,866.66
Jackson,South Dakota,125577,1871.41
Jerauld,South Dakota,25007,532.67
Jones,South Dakota,170872,971.75
Kingsbury,South Dakota,9839,863.73
Lake,South Dakota,202558,575.1
Lawrence,South Dakota,15430,800.34
Lincoln,South Dakota,22119,578.64
Lyman,South Dakota,192122,1707.18
McCook,South Dakota,227907,577.21
McPherson,South Dakota,15055,1151.92
Marshall,South Dakota,411406,885.67
Meade,South Dakota,57300,3482.67
Mellette,South Dakota,32578,1309.87
Miner,South Dakota,45650,572.03
Minnehaha,South Dakota,34355,813.74
Moody,South Dakota,37677,521.13
Oglala Lakota,South Dakota,66618,2784.46
Pennington,South Dakota,31229,2890.85
Perkins,South Dakota,162809,898.47
Potter,South Dakota,26436,1135.42
Roberts,South Dakota,23109,570.25
Sanborn,South Dakota,138293,2096.72
Spink,South Dakota,62680,1510.18
Stanley,South Dakota,523542,1517.06
Sully,South Dakota,70811,1070.42
Todd,South Dakota,20408,1391
Tripp,South Dakota,354081,1617.51
Turner,South Dakota,26629,617.5
Union,South Dakota,66551,467.11
Walworth,South Dakota,98012,744.25
Yankton,South Dakota,67493,532.66
Ziebach,South Dakota,18347,1971.21
Anderson,Tennessee,298750,344.83
Bedford,Tennessee,9947,474.89
Benton,Tennessee,32072,436.23
Bledsoe,Tennessee,28003,406.73
Blount,Tennessee,38440,566.66
Bradley,Tennessee,79546,331.52
Campbell,Tennessee,86175,498.27
Cannon,Tennessee,126884,265.73
Carroll,Tennessee,415759,599.89
Carter,Tennessee,20091,347.64
Cheatham,Tennessee,319785,307.16
Chester,Tennessee,106721,288.76
Claiborne,Tennessee,28030,441.56
Clay,Tennessee,33067,259.26
Cocke,Tennessee,280979,443.17
Coffee,Tennessee,2720,434.49
Crockett,Tennessee,18080,265.49
Cumberland,Tennessee,3452,684.97
Davidson,Tennessee,7046,526.16
Decatur,Tennessee,32968,344.93
DeKalb,Tennessee,38839,329
Dickson,Tennessee,5366,491.34
Dyer,Tennessee,2024,526.52
Fayette,Tennessee,10330,706.27
Fentress,Tennessee,1334,499
Franklin,Tennessee,9241,574.37
Gibson,Tennessee,3610,603.64
Giles,Tennessee,13935,611.22
Grainger,Tennessee,27853,302.46
Greene,Tennessee,4215,624.27
Grundy,Tennessee,8468,361.17
Hamblen,Tennessee,19823,175.78
Hamilton,Tennessee,5596,575.76
Hancock,Tennessee,4320,223.51
Hardeman,Tennessee,5586,670.44
Hardin,Tennessee,3023,596.36
Hawkins,Tennessee,4041,499.66
Haywood,Tennessee,6839,534.19
Henderson,Tennessee,2386,525.95
Henry,Tennessee,7281,593.49
Hickman,Tennessee,4242,612.75
Houston,Tennessee,1894,206.94
Humphreys,Tennessee,5961,556.75
Jackson,Tennessee,3391,319.57
Jefferson,Tennessee,3405,314.34
Johnson,Tennessee,1262,302.76
Knox,Tennessee,17508,525.81
Lake,Tennessee,7145,193.81
Lauderdale,Tennessee,1391,507.17
Lawrence,Tennessee,3216,617.96
Lewis,Tennessee,2066,282.5
Lincoln,Tennessee,1001,570.68
Loudon,Tennessee,5065,247.04
McMinn,Tennessee,12055,432.24
McNairy,Tennessee,24910,560.87
Macon,Tennessee,61128,307.2
Madison,Tennessee,3892,558.68
Marion,Tennessee,5654,513.8
Marshall,Tennessee,2457,376.13
Maury,Tennessee,4763,615.57
Meigs,Tennessee,27202,216.79
Monroe,Tennessee,2081,652.88
Montgomery,Tennessee,2333,543.87
Moore,Tennessee,193134,130.38
Morgan,Tennessee,6404,522.41
Obion,Tennessee,14118,555.38
Overton,Tennessee,113775,434.83
Perry,Tennessee,3037,422.93
Pickett,Tennessee,2394,174.58
Polk,Tennessee,10251,442.39
Putnam,Tennessee,2324,402.44
Rhea,Tennessee,6610,336.4
Roane,Tennessee,2981,394.99
Robertson,Tennessee,1437,476.72
Rutherford,Tennessee,9982,624
Scott,Tennessee,5498,533.25
Sequatchie,Tennessee,8361,266.04
Sevier,Tennessee,14829,597.77
Shelby,Tennessee,5524,783.69
Smith,Tennessee,22696,325.38
Stewart,Tennessee,2834,493.22
Sullivan,Tennessee,76978,429.71
Sumner,Tennessee,49713,543.16
Tipton,Tennessee,16290,474.76
Trousdale,Tennessee,12841,116.65
Unicoi,Tennessee,133088,186.49
Union,Tennessee,108110,247.14
Van Buren,Tennessee,39842,274.61
Warren,Tennessee,13775,434.12
Washington,Tennessee,28513,329.71
Wayne,Tennessee,56391,735.65
Weakley,Tennessee,40667,581.85
White,Tennessee,17321,379.55
Williamson,Tennessee,31560,583.67
Wilson,Tennessee,7774,583.27
Anderson,Texas,35479,1078.05
Andrews,Texas,56520,1501.09
Angelina,Texas,14591,864.51
Aransas,Texas,60520,528.01
Archer,Texas,694144,925.85
Armstrong,Texas,11661,913.85
Atascosa,Texas,19164,1235.73
Austin,Texas,53948,656.44
Bailey,Texas,37159,827.43
Bandera,Texas,41133,797.6
Bastrop,Texas,17909,895.99
Baylor,Texas,42208,901.08
Bee,Texas,49133,880.39
Bell,Texas,28746,1087.19
Bexar,Texas,22702,1256.76
Blanco,Texas,69069,713.46
Borden,Texas,13498,906.11
Bosque,Texas,64934,1002.72
Bowie,Texas,367804,922.83
Brazoria,Texas,6679,1597.54
Brazos,Texas,26306,590.35
Brewster,Texas,26034,6193.22
Briscoe,Texas,56786,901.64
Brooks,Texas,18224,943.67
Brown,Texas,28048,957.03
Burleson,Texas,32210,677.83
Burnet,Texas,24267,1020.18
Caldwell,Texas,8292,547.46
Calhoun,Texas,18243,1032.24
Callahan,Texas,11517,901.34
Cameron,Texas,54495,1276.42
Camp,Texas,17977,203.21
Carson,Texas,470313,924.15
Cass,Texas,7731,960.41
Castro,Texas,27795,899.39
Chambers,Texas,44142,868.59
Cherokee,Texas,11961,1062.02
Childress,Texas,33633,713.66
Clay,Texas,54068,1116.23
Cochran,Texas,53794,775.34
Coke,Texas,26140,928.07
Coleman,Texas,22701,1281.55
Collin,Texas,97984,885.91
Collingsworth,Texas,28374,919.48
Colorado,Texas,31130,973.68
Comal,Texas,96387,574.65
Comanche,Texas,11649,947.74
Concho,Texas,46545,993.75
Cooke,Texas,208993,898.87
Coryell,Texas,6301,1056.81
Cottle,Texas,21915,901.66
Crane,Texas,31131,785.65
Crockett,Texas,22075,2807.66
Crosby,Texas,7869,901.74
Culberson,Texas,5090,3812.94
Dallam,Texas,16690,1505.37
Dallas,Texas,80245,908.87
Dawson,Texas,32513,902.16
Deaf Smith,Texas,53382,1498.36
Delta,Texas,71813,277.94
Denton,Texas,332285,957.72
DeWitt,Texas,22015,910.55
Dickens,Texas,14681,905.26
Dimmit,Texas,98250,1334.58
Donley,Texas,937166,933.09
Duval,Texas,19074,1795.82
Eastland,Texas,13362,931.98
Ector,Texas,158348,901.76
Edwards,Texas,191283,2120.13
Ellis,Texas,61599,951.73
El Paso,Texas,7828,1014.75
Erath,Texas,18082,1089.88
Falls,Texas,19102,773.86
Fannin,Texas,5583,899.23
Fayette,Texas,41277,959.92
Fisher,Texas,129375,901.82
Floyd,Texas,16939,992.57
Foard,Texas,34450,707.74
Fort Bend,Texas,26244,886.11
Franklin,Texas,238412,294.79
Freestone,Texas,144657,892.2
Frio,Texas,57735,1134.39
Gaines,Texas,16799,1502.91
Galveston,Texas,86715,876.46
Garza,Texas,24356,896.25
Gillespie,Texas,8681,1061.58
Glasscock,Texas,1949,901
Goliad,Texas,51153,859.43
Gonzales,Texas,28847,1069.91
Gray,Texas,7114,929.3
Grayson,Texas,20601,979.25
Gregg,Texas,88723,276.41
Grimes,Texas,3614,801.27
Guadalupe,Texas,32799,714.23
Hale,Texas,362924,1004.86
Hall,Texas,2003554,904.13
Hamilton,Texas,10723,836.45
Hansford,Texas,637,920.48
Hardeman,Texas,17855,697.05
Hardin,Texas,93245,897.43
Harris,Texas,374264,1777.89
Harrison,Texas,229211,915.17
Hartley,Texas,9286,1463.3
Haskell,Texas,1537,910.33
Hays,Texas,7237,679.85
Hemphill,Texas,37864,912.11
Henderson,Texas,17169,949.09
Hidalgo,Texas,48155,1582.78
Hill,Texas,43664,985.71
Hockley,Texas,21806,908.57
Hood,Texas,13525,436.82
Hopkins,Texas,423163,792.8
Houston,Texas,12413,1236.93
Howard,Texas,6010,904.27
Hudspeth,Texas,30331,4572.26
Hunt,Texas,8030,882.09
Hutchinson,Texas,36812,895.01
Irion,Texas,52646,1051.68
Jack,Texas,7095,920.18
Jackson,Texas,10473,857.1
Jasper,Texas,3016,969.68
Jeff Davis,Texas,3210,2264.77
Jefferson,Texas,8543,1111.32
Jim Hogg,Texas,1034730,1136.24
Jim Wells,Texas,3099,868.3
Johnson,Texas,20752,734.43
Jones,Texas,156209,937.21
Karnes,Texas,13623,753.58
Kaufman,Texas,4043,806.87
Kendall,Texas,41257,663.1
Kenedy,Texas,75951,1945.6
Kent,Texas,1452,902.97
Kerr,Texas,4773,1107.76
Kimble,Texas,3807,1251.02
King,Texas,5991,913.38
Kinney,Texas,2277,1365.4
Kleberg,Texas,7057,1090.5
Knox,Texas,2635516,855.5
Lamar,Texas,13810,932.53
Lamb,Texas,19177,1017.8
Lampasas,Texas,5238,714.02
La Salle,Texas,887207,1494.36
Lavaca,Texas,20503,970.44
Lee,Texas,2291,634.09
Leon,Texas,10897,1080.47
Liberty,Texas,3522,1176.33
Limestone,Texas,11640,933.22
Lipscomb,Texas,18245,932.28
Live Oak,Texas,166223,1078.94
Llano,Texas,1884,966.25
Loving,Texas,184826,676.88
Lubbock,Texas,839238,900.74
Lynn,Texas,42698,893.5
McCulloch,Texas,17493,1073.43
McLennan,Texas,33659,1060.27
McMullen,Texas,24821,1142.71
Madison,Texas,3856,472.48
Marion,Texas,6230,420.39
Martin,Texas,1277,915.69
Mason,Texas,811688,932.26
Matagorda,Texas,10660,1612.33
Maverick,Texas,19646,1291.84
Medina,Texas,18065,1334.63
Menard,Texas,18921,902.32
Midland,Texas,342139,902.03
Milam,Texas,6317,1021.74
Mills,Texas,25357,749.95
Mitchell,Texas,1251,915.98
Montague,Texas,7465,938.51
Montgomery,Texas,20312,1076.91
Moore,Texas,23043,909.68
Morris,Texas,136212,258.65
Motley,Texas,123945,989.87
Nacogdoches,Texas,26859,981.41
Navarro,Texas,166847,1086.27
Newton,Texas,35764,939.57
Nolan,Texas,3239,914.01
Nueces,Texas,8310,1166.58
Ochiltree,Texas,5555,918.14
Oldham,Texas,4016,1501.53
Orange,Texas,57602,379.56
Palo Pinto,Texas,4713325,985.56
Panola,Texas,66553,821.39
Parker,Texas,6100,910.15
Parmer,Texas,5875,885.23
Pecos,Texas,230191,4765.11
Polk,Texas,4158,1109.91
Potter,Texas,82737,922.06
Presidio,Texas,868707,3856.54
Rains,Texas,34823,258.89
Randall,Texas,23530,922.49
Reagan,Texas,61643,1176.09
Real,Texas,35565,700.09
Red River,Texas,22911,1057.67
Reeves,Texas,36147,2642.13
Refugio,Texas,3318,818.72
Roberts,Texas,98594,924.25
Robertson,Texas,21819,865.73
Rockwall,Texas,1612,148.71
Runnels,Texas,8957,1057.22
Rusk,Texas,14591,938.7
Sabine,Texas,35649,576.65
San Augustine,Texas,2253,592.25
San Jacinto,Texas,251565,627.96
San Patricio,Texas,5245,707.11
San Saba,Texas,40482,1138.33
Schleicher,Texas,175817,1310.74
Scurry,Texas,19859,907.61
Shackelford,Texas,15081,915.61
Shelby,Texas,136154,834.6
Sherman,Texas,47431,923.27
Smith,Texas,412,949.55
Somervell,Texas,807,191.91
Starr,Texas,52600,1229.38
Stephens,Texas,4481,921.55
Sterling,Texas,285,923.58
Stonewall,Texas,3586,920.31
Sutton,Texas,32101,1454.52
Swisher,Texas,3767,900.74
Tarrant,Texas,49859,897.56
Taylor,Texas,13775,919.34
Terrell,Texas,20222,2357.94
Terry,Texas,7369,890.96
Throckmorton,Texas,19581,915.54
Titus,Texas,16628,425.72
Tom Green,Texas,16742,1540.63
Travis,Texas,88219,1022.19
Trinity,Texas,23326,714.05
Tyler,Texas,3485,935.77
Upshur,Texas,11867,592.72
Upton,Texas,19444,1241.93
Uvalde,Texas,95,1558.71
Val Verde,Texas,310569,3232.7
Van Zandt,Texas,5723,859.56
Victoria,Texas,8330,888.81
Walker,Texas,256623,801.51
Waller,Texas,764,518.49
Ward,Texas,13781,835.81
Washington,Texas,10235,621.4
Webb,Texas,5312,3375.67
Wharton,Texas,4128,1094.51
Wheeler,Texas,36592,915.39
Wichita,Texas,58722,633.04
Wilbarger,Texas,51584,978.16
Willacy,Texas,2148,784.27
Williamson,Texas,176832,1136.5
Wilson,Texas,24167,808.64
Winkler,Texas,4907,841.29
Wise,Texas,9402,922.84
Wood,Texas,19503,695.87
Yoakum,Texas,607391,799.79
Young,Texas,22141,930.9
Zapata,Texas,12834,1058.18
Zavala,Texas,1196,1301.82
Beaver,Utah,65204,2592.43
Box Elder,Utah,50113,6729.45
Cache,Utah,14140,1173.17
Carbon,Utah,15037,1484.69
Daggett,Utah,362294,723.1
Davis,Utah,10806,633.57
Duchesne,Utah,2102,3256.29
Emery,Utah,83396,4461.83
Garfield,Utah,27889,5208.5
Grand,Utah,23870,3694.3
Iron,Utah,142878,3302.12
Juab,Utah,9965,3406.46
Kane,Utah,15697,4108.6
Millard,Utah,51353,6828.51
Morgan,Utah,117415,610.79
Piute,Utah,7201,765.81
Rich,Utah,11065,1086.36
Salt Lake,Utah,137713,807.83
San Juan,Utah,3601,7933.64
Sanpete,Utah,3350,1602.71
Sevier,Utah,12470,1918.41
Summit,Utah,13965,1882.15
Tooele,Utah,7305,7287.73
Uintah,Utah,831,4499.21
Utah,Utah,16486,2141.06
Wasatch,Utah,104915,1209.24
Washington,Utah,10309,2430.07
Wayne,Utah,54406,2466.61
Weber,Utah,10361,659.49
Addison,Vermont,8769,808.46
Bennington,Vermont,26856,677.72
Caledonia,Vermont,66730,657.74
Chittenden,Vermont,6012,619.62
Essex,Vermont,3206,673.83
Franklin,Vermont,17302,692.66
Grand Isle,Vermont,3375,194.66
Lamoille,Vermont,25792,463.47
Orange,Vermont,3093,691.97
Orleans,Vermont,232751,720.33
Rutland,Vermont,8658,944.43
Washington,Vermont,64633,695.83
Windham,Vermont,9247,798.18
Windsor,Vermont,1219,976.09
Accomack,Virginia,1432,1310.18
Albemarle,Virginia,4006,726.24
Alleghany,Virginia,7763,446.93
Amelia,Virginia,2102515,358.57
Amherst,Virginia,138034,478.81
Appomattox,Virginia,903,334.75
Arlington,Virginia,12743,25.97
Augusta,Virginia,1600,972.28
Bath,Virginia,32581,534.59
Bedford[z],Virginia,119200,769.36
Bland,Virginia,1273954,358.74
Botetourt,Virginia,14393,545.98
Brunswick,Virginia,21464,569.4
Buchanan,Virginia,41753,503.9
Buckingham,Virginia,3372,583.6
Campbell,Virginia,26926,507.28
Caroline,Virginia,49025,538.94
Carroll,Virginia,56590,477.84
Charles City,Virginia,92084,203.9
Charlotte,Virginia,72971,477.46
Chesterfield,Virginia,55246,438.43
Clarke,Virginia,11244,178.2
Craig,Virginia,34147,330.07
Culpeper,Virginia,276652,382.32
Cumberland,Virginia,41556,299.76
Dickenson,Virginia,5751,334.57
Dinwiddie,Virginia,132230,507.04
Essex,Virginia,13131,285.92
Fairfax,Virginia,21921,406.81
Fauquier,Virginia,590551,651.83
Floyd,Virginia,51070,381.49
Fluvanna,Virginia,7606,290.23
Franklin,Virginia,69984,711.6
Frederick,Virginia,45539,415.66
Giles,Virginia,8184,360.97
Gloucester,Virginia,18341,288.02
Goochland,Virginia,14390,290.01
Grayson,Virginia,12156,445.93
Greene,Virginia,0,156.98
Greensville,Virginia,0,296.83
Halifax,Virginia,0,824.05
Hanover,Virginia,0,474.11
Henrico,Virginia,0,243.22
Henry,Virginia,0,384.41
Highland,Virginia,40,415.88
Isle of Wight,Virginia,0,362.79
James City,Virginia,20,179.73
King and Queen,Virginia,0,326.35
King George,Virginia,100,187.81
King William,Virginia,6459,285.67
Lancaster,Virginia,56046,231.36
Lee,Virginia,128289,437.34
Loudoun,Virginia,20988,521.14
Louisa,Virginia,1127,510.83
Lunenburg,Virginia,355481,432.4
Madison,Virginia,20308,321.81
Mathews,Virginia,10749,251.98
Mecklenburg,Virginia,5083,679.34
Middlesex,Virginia,9360,210.76
Montgomery,Virginia,54839,389.44
Nelson,Virginia,10348,474.34
New Kent,Virginia,7260,223.77
Northampton,Virginia,12662,795.4
Northumberland,Virginia,10173,285.68
Nottoway,Virginia,1510,316.13
Orange,Virginia,2288,343.44
Page,Virginia,1160437,314.11
Patrick,Virginia,14973,485.88
Pittsylvania,Virginia,28237,978.21
Powhatan,Virginia,20852,262.42
Prince Edward,Virginia,42145,353.87
Prince George,Virginia,72259,281.55
Prince William,Virginia,35555,349.05
Pulaski,Virginia,636235,329.6
Rappahannock,Virginia,26437,266.86
Richmond,Virginia,177556,216.4
Roanoke,Virginia,2747,250.84
Rockbridge,Virginia,260213,601.02
Rockingham,Virginia,36791,853.35
Russell,Virginia,36659,476.78
Scott,Virginia,31157,538.66
Shenandoah,Virginia,163774,512.56
Smyth,Virginia,6211,452.33
Southampton,Virginia,49402,603.07
Spotsylvania,Virginia,6987,412.3
Stafford,Virginia,25067,279.55
Surry,Virginia,28915,310.32
Sussex,Virginia,27169,492.86
Tazewell,Virginia,58191,519.91
Warren,Virginia,58409,216.35
Washington,Virginia,42222,567.59
Westmoreland,Virginia,55062,252.65
Wise,Virginia,50601,404.56
Wythe,Virginia,4170,464.63
York,Virginia,51634,215.5
Adams,Washington,33148,1929.73
Asotin,Washington,109330,640.69
Benton,Washington,16161,1760.19
Chelan,Washington,12745,2993.87
Clallam,Washington,32178,2676.14
Clark,Washington,15255,656.26
Columbia,Washington,236842,873.52
Cowlitz,Washington,75558,1166.41
Douglas,Washington,4616,1848.74
Ferry,Washington,78997,2257.46
Franklin,Washington,6735,1265.38
Garfield,Washington,33002,718.18
Grant,Washington,16973,2791.37
Grays Harbor,Washington,23597,2224.59
Island,Washington,17136,517.39
Jefferson,Washington,54885,2178.03
King,Washington,29298,2306.77
Kitsap,Washington,29883,565.98
Kittitas,Washington,7130,2333.24
Klickitat,Washington,12305,1904.29
Lewis,Washington,352802,2436.43
Lincoln,Washington,14348,2339.74
Mason,Washington,5210,1051.09
Okanogan,Washington,52605,5315.38
Pacific,Washington,9841,1223.58
Pend Oreille,Washington,15486,1425.34
Pierce,Washington,27904,1806.67
San Juan,Washington,11229,621.09
Skagit,Washington,1147532,1920.49
Skamania,Washington,71222,1683.95
Snohomish,Washington,15528,2196.53
Spokane,Washington,25977,1780.82
Stevens,Washington,56042,2540.66
Thurston,Washington,89313,773.68
Wahkiakum,Washington,16925,286.7
Walla Walla,Washington,36834,1299.23
Whatcom,Washington,21626,2503.64
Whitman,Washington,15161,2177.61
Yakima,Washington,18804,4311.78
Barbour,West Virginia,11886,342.77
Berkeley,West Virginia,35401,321.61
Boone,West Virginia,107766,503.22
Braxton,West Virginia,330818,516.2
Brooke,West Virginia,50557,92.26
Cabell,West Virginia,2215,288.04
Calhoun,West Virginia,35656,280.65
Clay,West Virginia,76523,343.85
Doddridge,West Virginia,7130,320.51
Fayette,West Virginia,24926,668.4
Gilmer,West Virginia,16097,340.09
Grant,West Virginia,11148,480.23
Greenbrier,West Virginia,25185,1024.49
Hampshire,West Virginia,413538,644.67
Hancock,West Virginia,33945,88.36
Hardy,West Virginia,12527,584.52
Harrison,West Virginia,13200,416.63
Jackson,West Virginia,8897,471.62
Jefferson,West Virginia,31426,211.59
Kanawha,West Virginia,10762,911.07
Lewis,West Virginia,98535,389.79
Lincoln,West Virginia,14789,438.61
Logan,West Virginia,19507,455.63
McDowell,West Virginia,12125,534.94
Marion,West Virginia,12200,311.51
Marshall,West Virginia,15773,312.2
Mason,West Virginia,34689,444.84
Mercer,West Virginia,23821,420.71
Mineral,West Virginia,18368,329.16
Mingo,West Virginia,60354,423.66
Monongalia,West Virginia,28259,365.91
Monroe,West Virginia,22802,473.68
Morgan,West Virginia,37253,229.69
Nicholas,West Virginia,470335,654.45
Ohio,West Virginia,34507,108.86
Pendleton,West Virginia,7478,698.21
Pleasants,West Virginia,8953,134.6
Pocahontas,West Virginia,94186,941.9
Preston,West Virginia,22307,651.45
Putnam,West Virginia,81948,350.42
Raleigh,West Virginia,28264,609.38
Randolph,West Virginia,22640,1040
Ritchie,West Virginia,43616,453.61
Roane,West Virginia,31652,483.8
Summers,West Virginia,18128,367.73
Taylor,West Virginia,136215,175.7
Tucker,West Virginia,152882,421.13
Tyler,West Virginia,6765,260.71
Upshur,West Virginia,11810,354.89
Wayne,West Virginia,40595,512.23
Webster,West Virginia,40164,556.18
Wetzel,West Virginia,53740,361.39
Wirt,West Virginia,17612,234.85
Wood,West Virginia,37383,376.98
Wyoming,West Virginia,29344,501.85
Adams,Wisconsin,68280,688.57
Ashland,Wisconsin,19067,2294.11
Barron,Wisconsin,22110,890.08
Bayfield,Wisconsin,204390,2041.75
Brown,Wisconsin,77200,615.47
Buffalo,Wisconsin,77331,709.63
Burnett,Wisconsin,488241,880.44
Calumet,Wisconsin,4032,397.06
Chippewa,Wisconsin,110593,1041.36
Clark,Wisconsin,43429,1219.14
Columbia,Wisconsin,7646,795.78
Crawford,Wisconsin,95222,599.29
Dane,Wisconsin,2256,1238.43
Dodge,Wisconsin,97733,907.08
Door,Wisconsin,75061,2369.94
Douglas,Wisconsin,85141,1480.03
Dunn,Wisconsin,30076,863.96
Eau Claire,Wisconsin,2252782,645.31
Florence,Wisconsin,271473,497.52
Fond du Lac,Wisconsin,47935,765.87
Forest,Wisconsin,20866,1046.49
Grant,Wisconsin,80707,1183.44
Green,Wisconsin,10301,584.62
Green Lake,Wisconsin,66768,380.46
Iowa,Wisconsin,42243,768.16
Iron,Wisconsin,20498,919.29
Jackson,Wisconsin,12896,1000.08
Jefferson,Wisconsin,904980,582.8
Juneau,Wisconsin,15875,804.22
Kenosha,Wisconsin,129205,754.36
Kewaunee,Wisconsin,11274,1084.61
La Crosse,Wisconsin,822083,479.96
Lafayette,Wisconsin,522798,634.62
Langlade,Wisconsin,45723,887.95
Lincoln,Wisconsin,290536,906.97
Manitowoc,Wisconsin,4042,1493.85
Marathon,Wisconsin,60760,1576.24
Marinette,Wisconsin,229247,1550.26
Marquette,Wisconsin,50104,464.46
Menominee,Wisconsin,250873,365.02
Milwaukee,Wisconsin,16770,1189.8
Monroe,Wisconsin,119171,908.47
Oconto,Wisconsin,24224,1149.18
Oneida,Wisconsin,14502,1236.11
Outagamie,Wisconsin,23737,644.46
Ozaukee,Wisconsin,91945,1116.3
Pepin,Wisconsin,7564,248.7
Pierce,Wisconsin,9244,591.62
Polk,Wisconsin,8344,956.33
Portage,Wisconsin,42406,822.82
Price,Wisconsin,8672,1278.57
Racine,Wisconsin,11759,791.98
Richland,Wisconsin,35644,589.45
Rock,Wisconsin,23445,726.26
Rusk,Wisconsin,30291,930.96
St. Croix,Wisconsin,13920,735.85
Sauk,Wisconsin,67256,848.51
Sawyer,Wisconsin,29178,1350.44
Shawano,Wisconsin,57146,909.39
Sheboygan,Wisconsin,178124,1271.07
Taylor,Wisconsin,16452,984.58
Trempealeau,Wisconsin,21559,742.05
Vernon,Wisconsin,35987,816.5
Vilas,Wisconsin,20876,1017.92
Walworth,Wisconsin,56072,576.55
Washburn,Wisconsin,32459,853.13
Washington,Wisconsin,27126,435.92
Waukesha,Wisconsin,58758,580.52
Waupaca,Wisconsin,27704,765.38
Waushara,Wisconsin,25900,637.44
Winnebago,Wisconsin,105612,578.75
Wood,Wisconsin,13483,809.51
Albany,Wyoming,17498,4309.03
Big Horn,Wyoming,25965,3159.1
Campbell,Wyoming,41411,4801.69
Carbon,Wyoming,7471,7964.44
Converse,Wyoming,7577,4265.29
Crook,Wyoming,8669,2870.61
Fremont,Wyoming,33859,9266.21
Goshen,Wyoming,56450,2232.31
Hot Springs,Wyoming,73361,2006.32
Johnson,Wyoming,29415,4174.86
Laramie,Wyoming,10073,2687.82
Lincoln,Wyoming,14656,4089.23
Natrona,Wyoming,13563,5375.91
Niobrara,Wyoming,16973,2627.99
Park,Wyoming,6968,6968.85
Platte,Wyoming,8995,2111.02
Sheridan,Wyoming,24665,2527.14
Sublette,Wyoming,39402,4935.97
Sweetwater,Wyoming,8893,10491.73
Teton,Wyoming,16204,4221.96
Uinta,Wyoming,5901,2087.66
Washakie,Wyoming,83518,2242.85
Weston,Wyoming,23019,2400.13